DATOS HORARIOS 2023_CICEG ,,,,,,,,,,,,,
NOTA,LOS DATOS SON PREVALIDOS,,,,,,,,,,,,
,,,,,,,,,,,,,
MES,DIA,HORA,03(ppm),SO2(ppm),NO2(ppm),CO(ppm),PM10(µg/m3),PM2.5(µg/m3),TEMP,WS,WD,UV,RADSOL
NOVIEMBRE,1,0,0.014,0.009,0.006,0.67,25,7,17.35,2.72,232.57,0.06,NA
NOVIEMBRE,1,1,0.016,0.008,0.004,0.57,32,14,15.77,2.86,222.01,0.06,NA
NOVIEMBRE,1,2,0.015,0.008,0.003,0.52,19,9,14.40,2.18,231.82,0.06,NA
NOVIEMBRE,1,3,0.013,0.008,0.004,0.44,20,12,13.56,0.94,282.34,0.06,NA
NOVIEMBRE,1,4,0.017,0.008,0.003,NA,19,12,12.76,1.04,251.26,0.06,NA
NOVIEMBRE,1,5,0.015,0.007,0.003,0.87,17,12,12.34,0.47,239.92,0.06,NA
NOVIEMBRE,1,6,0.009,0.008,0.007,1.34,19,11,11.86,0.11,208.58,0.07,NA
NOVIEMBRE,1,7,0.005,0.009,0.008,1.76,33,14,12.06,0.80,205.25,0.67,NA
NOVIEMBRE,1,8,0.013,0.009,0.006,1.95,52,14,13.49,2.57,192.86,2.41,NA
NOVIEMBRE,1,9,0.019,0.009,0.005,1.95,52,7,16.31,1.56,157.69,4.95,NA
NOVIEMBRE,1,10,0.027,0.008,0.005,1.81,34,7,18.40,2.26,138.70,7.52,NA
NOVIEMBRE,1,11,0.034,0.008,0.003,1.54,23,4,20.12,2.10,116.81,9.38,NA
NOVIEMBRE,1,12,0.037,0.008,0.003,0.97,22,3,21.59,2.37,112.58,9.96,NA
NOVIEMBRE,1,13,0.038,0.008,0.004,1.43,22,3,22.86,2.58,131.26,9.35,NA
NOVIEMBRE,1,14,0.040,0.008,0.004,1.53,26,2,24.13,1.98,128.62,7.61,NA
NOVIEMBRE,1,15,0.044,0.009,0.003,1.58,26,6,25.05,1.95,116.38,5.24,NA
NOVIEMBRE,1,16,0.045,0.008,0.003,1.51,27,12,24.89,1.99,107.72,2.78,NA
NOVIEMBRE,1,17,0.036,0.009,0.005,1.46,24,15,23.46,2.61,97.76,0.84,NA
NOVIEMBRE,1,18,0.023,0.008,0.006,1.36,31,17,21.12,1.89,71.78,0.09,NA
NOVIEMBRE,1,19,0.009,0.009,0.011,1.13,49,21,19.60,0.37,102.57,0.06,NA
NOVIEMBRE,1,20,0.012,0.009,0.010,1.57,75,20,18.29,0.11,80.55,0.06,NA
NOVIEMBRE,1,21,0.008,0.009,0.011,1.73,59,15,17.51,0.35,109.03,0.06,NA
NOVIEMBRE,1,22,0.004,0.009,0.012,1.96,55,15,16.87,2.01,252.13,0.06,NA
NOVIEMBRE,1,23,0.012,0.008,0.007,1.85,83,17,15.46,1.90,247.59,0.06,NA
NOVIEMBRE,2,0,0.011,0.008,0.006,NA,39,5,14.31,1.04,262.28,0.06,NA
NOVIEMBRE,2,1,0.014,0.008,0.005,1,27,7,13.70,1.01,266.23,0.06,NA
NOVIEMBRE,2,2,0.014,0.008,0.004,0.91,20,7,12.90,0.50,256.63,0.06,NA
NOVIEMBRE,2,3,0.018,0.008,0.003,0.8,20,8,11.81,0.58,225.39,0.06,NA
NOVIEMBRE,2,4,0.017,0.008,0.003,0.7,10,7,11.16,0.37,219.89,0.06,NA
NOVIEMBRE,2,5,0.011,0.008,0.004,0.67,12,8,10.29,0.11,276.39,0.06,NA
NOVIEMBRE,2,6,0.008,0.008,0.006,0.72,15,9,10.35,0.11,228.76,0.07,NA
NOVIEMBRE,2,7,0.008,0.010,0.007,0.86,27,15,10.74,0.11,193.23,0.68,NA
NOVIEMBRE,2,8,0.010,0.010,0.006,NA,38,3,13.62,0.18,218.86,2.52,NA
NOVIEMBRE,2,9,0.016,0.010,0.006,NA,41,11,15.88,1.46,231.01,4.91,NA
NOVIEMBRE,2,10,0.023,0.009,0.006,0.74,42,14,18.65,1.18,218.59,7.27,NA
NOVIEMBRE,2,11,0.035,0.009,0.006,1.16,57,4,21.12,1.40,135.13,9.24,NA
NOVIEMBRE,2,12,0.045,0.010,0.008,1.16,47,7,23.95,1.72,217.72,9.93,NA
NOVIEMBRE,2,13,0.054,0.009,0.007,1.18,49,3,25.98,2.02,186.01,9.36,NA
NOVIEMBRE,2,14,0.054,0.010,0.006,1.15,46,6,27.25,2.03,204.16,7.58,NA
NOVIEMBRE,2,15,0.056,0.009,0.005,1.16,37,9,28.10,1.81,165.16,5.25,NA
NOVIEMBRE,2,16,0.053,0.009,0.004,NA,41,6,28.08,3.03,130.24,2.93,NA
NOVIEMBRE,2,17,NA,NA,NA,NA,NA,NA,NA,NA,NA,NA,NA
NOVIEMBRE,2,18,NA,NA,NA,NA,NA,NA,NA,NA,NA,NA,NA
NOVIEMBRE,2,19,NA,NA,NA,NA,NA,NA,NA,NA,NA,NA,NA
NOVIEMBRE,2,20,NA,NA,NA,NA,NA,NA,NA,NA,NA,NA,NA
NOVIEMBRE,2,21,NA,NA,NA,NA,NA,NA,NA,NA,NA,NA,NA
NOVIEMBRE,2,22,NA,NA,NA,NA,NA,NA,NA,NA,NA,NA,NA
NOVIEMBRE,2,23,NA,NA,NA,NA,NA,NA,NA,NA,NA,NA,NA
NOVIEMBRE,3,0,NA,NA,NA,NA,NA,NA,NA,NA,NA,NA,NA
NOVIEMBRE,3,1,NA,NA,NA,NA,NA,NA,NA,NA,NA,NA,NA
NOVIEMBRE,3,2,NA,NA,NA,NA,NA,NA,NA,NA,NA,NA,NA
NOVIEMBRE,3,3,NA,NA,NA,NA,NA,NA,NA,NA,NA,NA,NA
NOVIEMBRE,3,4,NA,NA,NA,NA,NA,NA,NA,NA,NA,NA,NA
NOVIEMBRE,3,5,NA,NA,NA,NA,NA,NA,NA,NA,NA,NA,NA
NOVIEMBRE,3,6,NA,NA,NA,NA,NA,NA,NA,NA,NA,NA,NA
NOVIEMBRE,3,7,NA,NA,NA,NA,NA,NA,NA,NA,NA,NA,NA
NOVIEMBRE,3,8,NA,NA,NA,NA,NA,NA,NA,NA,NA,NA,NA
NOVIEMBRE,3,9,NA,NA,NA,NA,NA,NA,NA,NA,NA,NA,NA
NOVIEMBRE,3,10,0.026,0.005,NA,NA,NA,4,22.14,1.31,224.48,7.37,NA
NOVIEMBRE,3,11,0.038,0.006,0.010,2.67,85,2,24.42,2.00,212.02,9.44,NA
NOVIEMBRE,3,12,0.044,0.006,0.007,2.83,57,2,26.88,2.27,213.70,10.22,NA
NOVIEMBRE,3,13,0.053,0.005,0.006,2.25,45,2,28.29,2.09,146.04,9.44,NA
NOVIEMBRE,3,14,0.054,0.005,0.006,1.7,35,2,29.34,2.10,136.29,7.74,NA
NOVIEMBRE,3,15,0.042,0.004,0.005,0.87,39,3,28.94,2.61,110.96,4.46,NA
NOVIEMBRE,3,16,0.032,0.004,0.008,NA,26,19,27.72,2.72,141.37,2.37,NA
NOVIEMBRE,3,17,0.037,0.004,0.004,NA,30,6,26.08,3.57,70.76,0.78,NA
NOVIEMBRE,3,18,0.032,0.004,0.005,0.26,39,12,24.37,4.50,72.35,0.09,NA
NOVIEMBRE,3,19,0.030,0.003,0.004,NA,46,16,23.00,4.93,73.63,0.06,NA
NOVIEMBRE,3,20,0.032,0.003,0.003,0.38,56,16,22.19,5.28,69.12,0.06,NA
NOVIEMBRE,3,21,0.033,0.003,0.002,0.44,70,13,21.47,5.43,63.90,0.06,NA
NOVIEMBRE,3,22,0.032,0.003,0.001,0.23,53,5,21.04,4.66,64.39,0.06,NA
NOVIEMBRE,3,23,0.023,0.003,0.004,NA,27,10,20.10,1.66,206.29,0.06,NA
NOVIEMBRE,4,0,0.017,0.005,0.006,0.51,24,3,18.26,2.10,94.48,0.06,NA
NOVIEMBRE,4,1,0.008,0.008,0.008,0.45,30,11,16.59,1.27,82.33,0.06,NA
NOVIEMBRE,4,2,0.005,0.009,0.010,0.35,33,16,15.03,0.58,191.80,0.06,NA
NOVIEMBRE,4,3,0.004,0.008,0.008,0.23,37,14,13.85,0.74,122.29,0.06,NA
NOVIEMBRE,4,4,0.004,0.008,0.008,NA,37,12,13.11,0.65,298.35,0.06,NA
NOVIEMBRE,4,5,0.005,0.008,0.008,NA,32,15,12.68,1.34,248.89,0.06,NA
NOVIEMBRE,4,6,0.004,0.009,0.008,NA,30,15,11.95,0.89,208.53,0.07,NA
NOVIEMBRE,4,7,0.006,0.011,0.009,NA,37,15,12.75,0.86,196.07,0.69,NA
NOVIEMBRE,4,8,0.011,0.010,0.008,0.16,43,8,15.92,1.26,220.08,2.63,NA
NOVIEMBRE,4,9,0.016,0.009,0.009,0.14,49,14,19.06,1.51,227.33,5.18,NA
NOVIEMBRE,4,10,0.026,0.009,0.006,NA,76,14,22.21,2.10,231.18,7.83,NA
NOVIEMBRE,4,11,0.034,0.009,0.005,NA,54,3,25.18,1.93,147.36,9.57,NA
NOVIEMBRE,4,12,0.038,0.009,0.006,0.92,36,4,26.44,2.68,169.00,10.23,NA
NOVIEMBRE,4,13,0.040,0.009,0.002,0.69,40,5,27.73,3.05,134.01,9.78,NA
NOVIEMBRE,4,14,0.038,0.008,0.001,0.32,35,3,27.96,4.00,95.86,8.06,NA
NOVIEMBRE,4,15,0.041,0.008,0.001,NA,21,3,26.92,5.24,72.68,5.54,NA
NOVIEMBRE,4,16,0.041,0.008,0.001,NA,28,7,26.55,4.59,56.05,2.93,NA
NOVIEMBRE,4,17,0.040,0.008,0.002,NA,14,11,25.47,3.78,48.54,0.84,NA
NOVIEMBRE,4,18,0.032,0.008,0.003,NA,22,15,23.64,2.82,62.82,0.09,NA
NOVIEMBRE,4,19,0.027,0.007,0.005,NA,25,17,22.09,2.60,96.25,0.06,NA
NOVIEMBRE,4,20,0.028,0.008,0.004,NA,32,14,20.71,2.01,118.58,0.06,NA
NOVIEMBRE,4,21,0.037,0.007,0.002,NA,46,14,20.31,2.97,79.67,0.06,NA
NOVIEMBRE,4,22,0.023,0.007,0.007,0.55,28,12,19.67,1.75,245.47,0.06,NA
NOVIEMBRE,4,23,0.040,0.007,0.001,0.56,22,3,19.47,2.65,141.25,0.06,NA
NOVIEMBRE,5,0,0.025,0.007,0.006,0.59,9,9,18.61,2.55,191.36,0.06,NA
NOVIEMBRE,5,1,0.018,0.007,0.006,0.76,37,11,15.22,2.42,228.54,0.06,NA
NOVIEMBRE,5,2,0.016,0.007,0.006,0.67,38,15,13.26,0.65,120.10,0.06,NA
NOVIEMBRE,5,3,0.006,0.008,0.009,0.66,31,7,11.62,0.11,118.03,0.06,NA
NOVIEMBRE,5,4,0.007,0.008,0.008,0.7,34,13,11.13,0.11,53.86,0.06,NA
NOVIEMBRE,5,5,0.005,0.008,0.008,0.7,28,11,10.28,0.11,74.83,0.06,NA
NOVIEMBRE,5,6,0.005,0.009,0.008,0.71,28,17,9.14,0.11,118.39,0.07,NA
NOVIEMBRE,5,7,0.005,0.009,0.009,0.81,40,14,10.67,0.14,67.41,0.70,NA
NOVIEMBRE,5,8,0.013,0.009,0.009,0.86,46,5,15.78,0.62,184.70,2.68,NA
NOVIEMBRE,5,9,0.028,0.009,0.005,0.86,36,13,18.65,1.45,229.00,5.24,NA
NOVIEMBRE,5,10,0.035,0.009,0.006,0.78,36,8,21.94,1.48,234.80,7.95,NA
NOVIEMBRE,5,11,0.044,0.008,0.005,0.72,24,3,24.55,2.04,200.66,9.59,NA
NOVIEMBRE,5,12,0.051,0.008,0.004,0.68,34,2,26.79,1.81,191.83,10.15,NA
NOVIEMBRE,5,13,0.048,0.008,0.004,0.64,27,2,28.03,2.35,178.47,9.68,NA
NOVIEMBRE,5,14,0.051,0.008,0.004,0.67,25,3,28.88,2.47,197.64,7.83,NA
NOVIEMBRE,5,15,0.048,0.008,0.004,0.62,27,6,28.81,2.76,215.87,5.34,NA
NOVIEMBRE,5,16,0.050,0.008,0.005,0.68,26,8,28.58,1.95,171.86,2.82,NA
NOVIEMBRE,5,17,0.054,0.008,0.004,0.63,26,15,27.26,2.07,128.19,0.82,NA
NOVIEMBRE,5,18,0.031,0.008,0.010,0.71,30,21,24.73,2.23,103.42,0.08,NA
NOVIEMBRE,5,19,0.030,0.007,0.006,0.64,41,24,22.35,2.54,89.76,0.06,NA
NOVIEMBRE,5,20,0.035,0.007,0.003,0.52,36,14,20.96,2.21,74.47,0.06,NA
NOVIEMBRE,5,21,0.028,0.007,0.005,0.42,27,10,19.78,1.44,184.29,0.06,NA
NOVIEMBRE,5,22,0.010,0.008,0.011,0.53,21,10,18.99,1.45,242.08,0.06,NA
NOVIEMBRE,5,23,0.010,0.008,0.009,0.82,46,21,16.52,2.46,210.66,0.06,NA
NOVIEMBRE,6,0,0.015,0.008,0.007,0.79,60,19,14.03,1.02,214.26,0.06,NA
NOVIEMBRE,6,1,0.008,0.008,0.009,0.59,43,14,13.00,0.22,190.79,0.06,NA
NOVIEMBRE,6,2,0.011,0.009,0.008,0.37,38,12,12.34,0.26,283.79,0.06,NA
NOVIEMBRE,6,3,0.005,0.008,0.009,0.83,33,12,12.35,0.11,156.42,0.06,NA
NOVIEMBRE,6,4,0.004,0.009,0.009,0.9,37,11,11.83,0.24,123.66,0.06,NA
NOVIEMBRE,6,5,0.004,0.009,0.010,0.93,52,17,11.13,0.75,187.35,0.06,NA
NOVIEMBRE,6,6,0.002,0.010,0.009,NA,38,24,10.72,0.64,57.61,0.07,NA
NOVIEMBRE,6,7,0.003,0.010,0.010,1.28,71,15,11.97,0.43,111.07,0.65,NA
NOVIEMBRE,6,8,0.009,0.011,0.011,1.74,72,13,16.15,1.07,215.06,2.50,NA
NOVIEMBRE,6,9,0.017,0.011,0.011,1.52,70,13,19.06,1.20,223.38,5.02,NA
NOVIEMBRE,6,10,0.028,0.010,0.009,1.78,75,18,22.11,1.49,224.76,7.58,NA
NOVIEMBRE,6,11,0.039,0.010,0.009,1.57,72,7,24.99,1.60,229.29,9.36,NA
NOVIEMBRE,6,12,0.046,0.010,0.009,1.45,61,2,26.78,1.99,214.62,10.10,NA
NOVIEMBRE,6,13,0.054,0.010,0.006,1.28,49,2,28.71,1.94,221.71,9.42,NA
NOVIEMBRE,6,14,0.064,0.009,0.006,NA,46,6,29.69,2.09,213.89,7.62,NA
NOVIEMBRE,6,15,0.053,0.010,0.006,0.98,43,6,30.09,2.59,232.04,5.30,NA
NOVIEMBRE,6,16,0.051,0.011,0.005,0.6,40,12,29.23,3.26,228.02,2.81,NA
NOVIEMBRE,6,17,0.041,0.010,0.009,0.95,46,12,28.51,2.54,225.35,0.82,NA
NOVIEMBRE,6,18,0.015,0.010,0.018,1.49,43,26,26.55,1.45,233.87,0.08,NA
NOVIEMBRE,6,19,0.008,0.011,0.018,NA,86,30,25.14,1.53,249.18,0.06,NA
NOVIEMBRE,6,20,0.003,0.011,0.018,2.16,76,31,22.70,1.16,119.24,0.06,NA
NOVIEMBRE,6,21,0.009,0.011,0.015,2.24,93,27,21.04,1.30,79.08,0.06,NA
NOVIEMBRE,6,22,0.003,0.010,0.016,2.18,86,21,19.94,0.27,238.22,0.06,NA
NOVIEMBRE,6,23,0.003,0.010,0.015,2.21,76,21,18.20,0.35,285.97,0.06,NA
NOVIEMBRE,7,0,0.002,0.014,0.014,NA,57,20,17.22,0.42,233.93,0.06,NA
NOVIEMBRE,7,1,0.011,0.010,0.011,1.83,89,32,16.39,0.96,199.03,0.06,NA
NOVIEMBRE,7,2,0.008,0.008,0.009,1.49,65,17,15.21,0.87,103.36,0.06,NA
NOVIEMBRE,7,3,0.004,0.009,0.011,1.36,62,19,14.70,0.87,61.66,0.06,NA
NOVIEMBRE,7,4,0.009,0.009,0.009,1.24,47,19,15.08,0.60,251.02,0.06,NA
NOVIEMBRE,7,5,0.008,0.009,0.010,1.15,55,18,14.81,0.29,150.00,0.06,NA
NOVIEMBRE,7,6,0.002,0.011,0.012,1.26,47,25,14.24,0.48,204.04,0.07,NA
NOVIEMBRE,7,7,0.003,0.013,0.012,1.71,84,25,14.97,0.21,92.48,0.62,NA
NOVIEMBRE,7,8,0.008,0.012,0.013,1.94,102,19,18.88,0.98,191.26,2.45,NA
NOVIEMBRE,7,9,NA,NA,NA,NA,NA,NA,NA,NA,NA,NA,NA
NOVIEMBRE,7,10,NA,NA,NA,NA,NA,NA,NA,NA,NA,NA,NA
NOVIEMBRE,7,11,NA,NA,NA,NA,NA,NA,NA,NA,NA,NA,NA
NOVIEMBRE,7,12,NA,NA,NA,NA,NA,NA,NA,NA,NA,NA,NA
NOVIEMBRE,7,13,0.053,0.012,0.007,3.61,39,2,30.10,2.72,196.95,9.09,NA
NOVIEMBRE,7,14,0.063,0.013,0.006,3.27,42,2,31.49,2.34,217.24,7.33,NA
NOVIEMBRE,7,15,0.058,0.013,0.007,2.78,44,2,31.48,2.77,218.59,5.09,NA
NOVIEMBRE,7,16,0.051,0.013,0.007,NA,51,3,31.14,2.52,206.97,2.66,NA
NOVIEMBRE,7,17,0.039,0.013,0.010,1.43,38,9,30.03,2.56,208.50,0.79,NA
NOVIEMBRE,7,18,0.012,0.014,0.018,NA,40,17,27.92,0.64,260.40,0.08,NA
NOVIEMBRE,7,19,0.003,0.015,0.018,NA,59,22,25.23,1.43,145.27,0.06,NA
NOVIEMBRE,7,20,0.002,0.016,0.017,0.96,135,37,23.34,0.87,203.25,0.06,NA
NOVIEMBRE,7,21,0.002,0.014,0.016,0.76,119,31,21.58,0.57,79.94,0.06,NA
NOVIEMBRE,7,22,0.002,0.016,0.015,0.58,111,30,20.26,0.69,197.78,0.06,NA
NOVIEMBRE,7,23,0.002,0.015,0.015,0.57,124,32,19.75,0.45,198.20,0.06,NA
NOVIEMBRE,8,0,0.003,0.015,0.013,2.42,117,37,18.01,0.52,97.63,0.06,NA
NOVIEMBRE,8,1,0.003,0.012,0.013,2.3,110,35,16.98,0.81,95.45,0.06,NA
NOVIEMBRE,8,2,0.006,0.010,0.011,1.83,77,27,16.43,0.71,143.08,0.06,NA
NOVIEMBRE,8,3,0.005,0.009,0.011,1.28,60,20,15.43,0.14,89.82,0.06,NA
NOVIEMBRE,8,4,0.003,0.009,0.011,0.94,56,22,14.88,0.14,42.29,0.06,NA
NOVIEMBRE,8,5,0.003,0.009,0.010,0.62,57,21,14.29,0.15,34.78,0.06,NA
NOVIEMBRE,8,6,0.002,0.010,0.011,0.42,57,23,13.61,0.22,168.14,0.07,NA
NOVIEMBRE,8,7,0.003,0.011,0.011,0.39,67,18,14.82,0.41,59.62,0.61,NA
NOVIEMBRE,8,8,0.007,0.012,0.015,0.51,113,13,19.35,0.80,96.53,2.42,NA
NOVIEMBRE,8,9,0.026,0.011,0.011,0.61,135,26,23.03,1.50,193.73,4.94,NA
NOVIEMBRE,8,10,0.036,0.011,0.007,0.24,86,16,24.44,2.08,170.44,7.42,NA
NOVIEMBRE,8,11,0.045,0.011,0.006,NA,58,8,26.32,1.65,156.75,9.16,NA
NOVIEMBRE,8,12,0.051,0.011,0.007,1.13,55,3,28.78,1.71,214.82,9.78,NA
NOVIEMBRE,8,13,0.060,0.011,0.006,0.97,50,7,30.33,2.10,224.18,8.95,NA
NOVIEMBRE,8,14,0.072,0.011,0.006,0.88,46,13,31.49,1.84,240.11,7.03,NA
NOVIEMBRE,8,15,0.075,0.010,0.007,0.78,49,14,31.84,1.86,206.12,4.82,NA
NOVIEMBRE,8,16,0.075,0.010,0.008,0.79,52,15,31.63,1.93,213.18,2.38,NA
NOVIEMBRE,8,17,0.065,0.011,0.010,0.83,56,26,30.25,2.17,233.19,0.70,NA
NOVIEMBRE,8,18,0.031,0.011,0.021,NA,65,27,28.13,1.47,206.36,0.08,NA
NOVIEMBRE,8,19,0.006,0.014,0.028,1.57,105,40,25.77,1.15,99.01,0.06,NA
NOVIEMBRE,8,20,0.007,0.013,0.027,1.79,170,47,23.47,0.79,166.62,0.06,NA
NOVIEMBRE,8,21,0.007,0.012,0.023,1.98,163,57,22.82,1.11,138.11,0.06,NA
NOVIEMBRE,8,22,0.006,0.011,0.020,1.85,135,40,21.72,0.65,67.31,0.06,NA
NOVIEMBRE,8,23,0.016,0.009,0.013,1.58,120,31,20.04,0.55,139.82,0.06,NA
NOVIEMBRE,9,0,0.007,0.010,0.016,NA,62,24,19.19,0.14,298.01,0.06,NA
NOVIEMBRE,9,1,0.011,0.008,0.012,1.86,68,21,18.45,0.54,190.96,0.06,NA
NOVIEMBRE,9,2,0.011,0.009,0.011,1.64,49,17,17.73,0.40,126.34,0.06,NA
NOVIEMBRE,9,3,0.015,0.009,0.009,1.43,65,24,16.95,0.13,202.19,0.06,NA
NOVIEMBRE,9,4,0.014,0.008,0.007,1.24,57,25,16.66,0.14,135.29,0.06,NA
NOVIEMBRE,9,5,0.007,0.008,0.011,NA,45,27,16.42,0.37,201.12,0.06,NA
NOVIEMBRE,9,6,0.003,0.010,0.013,NA,59,27,16.36,0.41,259.54,0.07,NA
NOVIEMBRE,9,7,0.003,0.012,0.015,1.45,89,32,17.23,0.14,237.17,0.53,NA
NOVIEMBRE,9,8,0.007,0.011,0.013,1.88,122,30,19.74,0.73,252.21,1.97,NA
NOVIEMBRE,9,9,NA,NA,NA,NA,NA,NA,NA,NA,NA,NA,NA
NOVIEMBRE,9,10,NA,NA,NA,NA,NA,NA,NA,NA,NA,NA,NA
NOVIEMBRE,9,11,0.052,0.010,NA,NA,NA,NA,NA,NA,NA,NA,NA
NOVIEMBRE,9,12,0.039,0.010,NA,NA,NA,NA,NA,NA,NA,NA,NA
NOVIEMBRE,9,13,0.033,0.010,NA,NA,NA,NA,NA,NA,NA,NA,NA
NOVIEMBRE,9,14,0.030,0.009,NA,NA,NA,NA,NA,NA,NA,NA,NA
NOVIEMBRE,9,15,0.018,0.010,NA,NA,NA,2,29.01,2.65,215.05,4.17,NA
NOVIEMBRE,9,16,0.034,0.009,NA,NA,52,2,28.37,1.85,272.57,2.06,NA
NOVIEMBRE,9,17,0.029,0.009,NA,NA,52,2,27.00,0.82,290.12,0.59,NA
NOVIEMBRE,9,18,0.025,0.009,NA,NA,58,2,25.17,0.20,288.92,0.07,NA
NOVIEMBRE,9,19,0.026,0.009,NA,NA,59,6,24.45,1.75,206.49,0.07,NA
NOVIEMBRE,9,20,0.028,0.008,NA,NA,104,26,21.48,2.93,102.00,0.06,NA
NOVIEMBRE,9,21,0.024,0.007,NA,NA,53,20,21.03,1.78,150.62,0.07,NA
NOVIEMBRE,9,22,0.027,0.007,NA,NA,49,35,19.72,0.95,155.43,0.06,NA
NOVIEMBRE,9,23,0.017,0.007,NA,NA,33,12,19.64,0.42,93.14,0.06,NA
NOVIEMBRE,10,0,0.010,0.007,NA,NA,36,24,19.34,0.86,148.42,0.06,NA
NOVIEMBRE,10,1,0.009,0.007,NA,NA,30,19,18.83,0.54,104.61,0.06,NA
NOVIEMBRE,10,2,0.003,0.008,NA,NA,28,21,18.25,0.14,87.74,0.06,NA
NOVIEMBRE,10,3,0.003,0.011,NA,NA,33,23,17.72,0.14,129.22,0.06,NA
NOVIEMBRE,10,4,0.009,0.011,NA,NA,35,19,17.06,0.14,125.46,0.06,NA
NOVIEMBRE,10,5,0.021,0.009,NA,NA,42,31,16.54,0.14,84.61,0.06,NA
NOVIEMBRE,10,6,NA,NA,NA,NA,43,33,16.44,0.14,95.44,0.07,NA
NOVIEMBRE,10,7,0.044,0.009,NA,NA,63,37,16.96,0.14,220.40,0.54,NA
NOVIEMBRE,10,8,NA,NA,NA,NA,100,40,19.08,0.18,176.37,2.13,NA
NOVIEMBRE,10,9,NA,NA,NA,NA,90,35,21.00,0.79,128.73,4.16,NA
NOVIEMBRE,10,10,0.051,0.008,NA,NA,NA,NA,NA,NA,NA,NA,NA
NOVIEMBRE,10,11,0.050,0.008,NA,NA,47,8,24.74,2.42,163.82,8.55,NA
NOVIEMBRE,10,12,0.048,0.008,NA,NA,NA,NA,NA,NA,NA,NA,NA
NOVIEMBRE,10,13,NA,NA,NA,NA,NA,NA,NA,NA,NA,NA,NA
NOVIEMBRE,10,14,NA,NA,NA,NA,47,6,27.50,1.81,169.03,8.23,NA
NOVIEMBRE,10,15,NA,NA,NA,NA,39,14,27.44,1.73,138.95,5.45,NA
NOVIEMBRE,10,16,NA,NA,NA,NA,36,11,27.38,1.73,119.48,3.68,NA
NOVIEMBRE,10,17,NA,NA,NA,NA,76,NA,NA,NA,NA,NA,NA
NOVIEMBRE,10,18,NA,NA,NA,NA,NA,NA,NA,NA,NA,NA,NA
NOVIEMBRE,10,19,NA,NA,NA,NA,10,NA,NA,NA,NA,NA,NA
NOVIEMBRE,10,20,NA,NA,NA,NA,29,NA,NA,NA,NA,NA,NA
NOVIEMBRE,10,21,NA,NA,NA,NA,23,NA,NA,NA,NA,NA,NA
NOVIEMBRE,10,22,NA,NA,NA,NA,40,NA,NA,NA,NA,NA,NA
NOVIEMBRE,10,23,NA,NA,NA,NA,NA,NA,NA,NA,NA,NA,NA
NOVIEMBRE,11,0,NA,NA,NA,NA,NA,NA,NA,NA,NA,NA,NA
NOVIEMBRE,11,1,NA,NA,NA,NA,NA,NA,NA,NA,NA,NA,NA
NOVIEMBRE,11,2,NA,NA,NA,NA,NA,NA,NA,NA,NA,NA,NA
NOVIEMBRE,11,3,NA,NA,NA,NA,NA,NA,NA,NA,NA,NA,NA
NOVIEMBRE,11,4,NA,NA,NA,NA,56,NA,NA,NA,NA,NA,NA
NOVIEMBRE,11,5,NA,NA,NA,NA,21,NA,NA,NA,NA,NA,NA
NOVIEMBRE,11,6,NA,NA,NA,NA,27,NA,NA,NA,NA,NA,NA
NOVIEMBRE,11,7,NA,NA,NA,NA,14,NA,NA,NA,NA,NA,NA
NOVIEMBRE,11,8,NA,NA,NA,NA,10,NA,NA,NA,NA,NA,NA
NOVIEMBRE,11,9,NA,NA,NA,NA,NA,NA,NA,NA,NA,NA,NA
NOVIEMBRE,11,10,NA,NA,NA,NA,NA,NA,NA,NA,NA,NA,NA
NOVIEMBRE,11,11,NA,NA,NA,NA,NA,NA,NA,NA,NA,NA,NA
NOVIEMBRE,11,12,NA,NA,NA,NA,NA,NA,NA,NA,NA,NA,NA
NOVIEMBRE,11,13,NA,NA,NA,NA,NA,NA,NA,NA,NA,NA,NA
NOVIEMBRE,11,14,NA,NA,NA,NA,NA,NA,NA,NA,NA,NA,NA
NOVIEMBRE,11,15,NA,NA,NA,NA,NA,NA,NA,NA,NA,NA,NA
NOVIEMBRE,11,16,NA,NA,NA,NA,NA,NA,NA,NA,NA,NA,NA
NOVIEMBRE,11,17,NA,NA,NA,NA,NA,NA,NA,NA,NA,NA,NA
NOVIEMBRE,11,18,NA,NA,NA,NA,NA,NA,NA,NA,NA,NA,NA
NOVIEMBRE,11,19,NA,NA,NA,NA,NA,NA,NA,NA,NA,NA,NA
NOVIEMBRE,11,20,NA,NA,NA,NA,NA,NA,NA,NA,NA,NA,NA
NOVIEMBRE,11,21,NA,NA,NA,NA,NA,NA,NA,NA,NA,NA,NA
NOVIEMBRE,11,22,NA,NA,NA,NA,NA,NA,NA,NA,NA,NA,NA
NOVIEMBRE,11,23,NA,NA,NA,NA,NA,NA,NA,NA,NA,NA,NA
NOVIEMBRE,12,0,NA,NA,NA,NA,8,NA,NA,NA,NA,NA,NA
NOVIEMBRE,12,1,NA,NA,NA,NA,7,NA,NA,NA,NA,NA,NA
NOVIEMBRE,12,2,NA,NA,NA,NA,5,NA,NA,NA,NA,NA,NA
NOVIEMBRE,12,3,NA,NA,NA,NA,14,NA,NA,NA,NA,NA,NA
NOVIEMBRE,12,4,NA,NA,NA,NA,11,NA,NA,NA,NA,NA,NA
NOVIEMBRE,12,5,NA,NA,NA,NA,13,NA,NA,NA,NA,NA,NA
NOVIEMBRE,12,6,NA,NA,NA,NA,13,NA,NA,NA,NA,NA,NA
NOVIEMBRE,12,7,NA,NA,NA,NA,11,NA,NA,NA,NA,NA,NA
NOVIEMBRE,12,8,NA,NA,NA,NA,18,NA,NA,NA,NA,NA,NA
NOVIEMBRE,12,9,NA,NA,NA,NA,27,NA,NA,NA,NA,NA,NA
NOVIEMBRE,12,10,NA,NA,NA,NA,20,NA,NA,NA,NA,NA,NA
NOVIEMBRE,12,11,NA,NA,NA,NA,18,NA,NA,NA,NA,NA,NA
NOVIEMBRE,12,12,NA,NA,NA,NA,21,NA,NA,NA,NA,NA,NA
NOVIEMBRE,12,13,NA,NA,NA,NA,21,NA,NA,NA,NA,NA,NA
NOVIEMBRE,12,14,NA,NA,NA,NA,19,NA,NA,NA,NA,NA,NA
NOVIEMBRE,12,15,NA,NA,NA,NA,23,NA,NA,NA,NA,NA,NA
NOVIEMBRE,12,16,NA,NA,NA,NA,18,NA,NA,NA,NA,NA,NA
NOVIEMBRE,12,17,NA,NA,NA,NA,19,NA,NA,NA,NA,NA,NA
NOVIEMBRE,12,18,NA,NA,NA,NA,20,NA,NA,NA,NA,NA,NA
NOVIEMBRE,12,19,NA,NA,NA,NA,34,NA,NA,NA,NA,NA,NA
NOVIEMBRE,12,20,NA,NA,NA,NA,23,NA,NA,NA,NA,NA,NA
NOVIEMBRE,12,21,NA,NA,NA,NA,16,NA,NA,NA,NA,NA,NA
NOVIEMBRE,12,22,NA,NA,NA,NA,28,NA,NA,NA,NA,NA,NA
NOVIEMBRE,12,23,NA,NA,NA,NA,20,NA,NA,NA,NA,NA,NA
NOVIEMBRE,13,0,NA,NA,NA,NA,23,NA,NA,NA,NA,NA,NA
NOVIEMBRE,13,1,NA,NA,NA,NA,22,NA,NA,NA,NA,NA,NA
NOVIEMBRE,13,2,NA,NA,NA,NA,NA,NA,NA,NA,NA,NA,NA
NOVIEMBRE,13,3,NA,NA,NA,NA,16,NA,NA,NA,NA,NA,NA
NOVIEMBRE,13,4,NA,NA,NA,NA,15,NA,NA,NA,NA,NA,NA
NOVIEMBRE,13,5,NA,NA,NA,NA,22,NA,NA,NA,NA,NA,NA
NOVIEMBRE,13,6,NA,NA,NA,NA,54,NA,NA,NA,NA,NA,NA
NOVIEMBRE,13,7,NA,NA,NA,NA,47,NA,NA,NA,NA,NA,NA
NOVIEMBRE,13,8,NA,NA,NA,NA,NA,NA,NA,NA,NA,NA,NA
NOVIEMBRE,13,9,NA,NA,NA,NA,NA,NA,NA,NA,NA,NA,NA
NOVIEMBRE,13,10,NA,NA,NA,NA,NA,NA,NA,NA,NA,NA,NA
NOVIEMBRE,13,11,NA,NA,NA,NA,NA,NA,NA,NA,NA,NA,NA
NOVIEMBRE,13,12,NA,NA,NA,NA,NA,NA,NA,NA,NA,NA,NA
NOVIEMBRE,13,13,NA,NA,NA,NA,NA,NA,NA,NA,NA,NA,NA
NOVIEMBRE,13,14,NA,NA,NA,NA,NA,NA,NA,NA,NA,NA,NA
NOVIEMBRE,13,15,0.045,0.009,NA,NA,27,4,26.37,2.02,214.10,7.49,NA
NOVIEMBRE,13,16,0.035,0.009,NA,NA,27,13,25.38,0.87,176.07,3.35,NA
NOVIEMBRE,13,17,0.040,0.009,NA,NA,37,8,25.75,0.59,140.53,2.28,NA
NOVIEMBRE,13,18,0.048,0.009,NA,NA,30,12,25.63,1.48,131.25,0.50,NA
NOVIEMBRE,13,19,0.016,0.008,NA,NA,33,25,22.60,1.29,63.00,0.07,NA
NOVIEMBRE,13,20,0.010,0.008,NA,NA,30,15,20.99,0.37,94.44,0.07,NA
NOVIEMBRE,13,21,0.012,0.008,NA,NA,45,13,19.94,0.25,173.82,0.07,NA
NOVIEMBRE,13,22,0.003,0.008,NA,NA,36,13,18.99,0.13,321.80,0.06,NA
NOVIEMBRE,13,23,0.002,0.008,NA,NA,42,12,18.24,0.13,253.64,0.07,NA
NOVIEMBRE,14,0,0.002,0.009,NA,NA,50,15,17.78,0.26,159.69,0.07,NA
NOVIEMBRE,14,1,0.004,0.008,NA,NA,58,10,17.16,0.59,207.24,0.06,NA
NOVIEMBRE,14,2,0.005,0.007,NA,NA,24,13,16.18,0.14,198.48,0.07,NA
NOVIEMBRE,14,3,0.006,0.007,NA,NA,20,9,15.66,0.13,193.29,0.06,NA
NOVIEMBRE,14,4,0.006,0.007,NA,NA,24,11,14.97,0.13,205.17,0.06,NA
NOVIEMBRE,14,5,0.005,0.007,NA,NA,21,8,14.55,0.13,233.05,0.06,NA
NOVIEMBRE,14,6,0.004,0.007,NA,NA,22,10,14.06,0.13,245.06,0.06,NA
NOVIEMBRE,14,7,0.003,0.007,NA,NA,17,10,13.68,0.34,231.40,0.07,NA
NOVIEMBRE,14,8,0.003,0.010,NA,NA,27,8,13.89,0.14,145.48,0.58,NA
NOVIEMBRE,14,9,0.004,0.011,NA,NA,61,11,16.46,0.37,216.38,2.31,NA
NOVIEMBRE,14,10,0.011,0.009,NA,NA,82,18,18.70,0.90,210.39,4.70,NA
NOVIEMBRE,14,11,0.018,0.009,NA,NA,49,7,21.12,1.00,230.84,7.39,NA
NOVIEMBRE,14,12,0.032,0.009,NA,NA,36,9,23.55,0.62,151.29,8.95,NA
NOVIEMBRE,14,13,0.036,0.009,NA,NA,40,3,25.15,1.16,188.06,9.80,NA
NOVIEMBRE,14,14,0.037,0.008,NA,NA,28,2,25.44,2.31,161.36,9.37,NA
NOVIEMBRE,14,15,0.041,0.009,NA,NA,27,3,27.03,0.79,163.11,7.60,NA
NOVIEMBRE,14,16,NA,NA,NA,NA,33,NA,NA,NA,NA,NA,NA
NOVIEMBRE,14,17,NA,NA,NA,NA,23,NA,NA,NA,NA,NA,NA
NOVIEMBRE,14,18,NA,NA,NA,NA,24,NA,NA,NA,NA,NA,NA
NOVIEMBRE,14,19,NA,NA,NA,NA,28,NA,NA,NA,NA,NA,NA
NOVIEMBRE,14,20,NA,NA,NA,NA,24,NA,NA,NA,NA,NA,NA
NOVIEMBRE,14,21,NA,NA,NA,NA,18,NA,NA,NA,NA,NA,NA
NOVIEMBRE,14,22,NA,NA,NA,NA,18,NA,NA,NA,NA,NA,NA
NOVIEMBRE,14,23,NA,NA,NA,NA,19,NA,NA,NA,NA,NA,NA
NOVIEMBRE,15,0,NA,NA,NA,NA,NA,NA,NA,NA,NA,NA,NA
NOVIEMBRE,15,1,NA,NA,NA,NA,NA,NA,NA,NA,NA,NA,NA
NOVIEMBRE,15,2,NA,NA,NA,NA,NA,NA,NA,NA,NA,NA,NA
NOVIEMBRE,15,3,NA,NA,NA,NA,NA,NA,NA,NA,NA,NA,NA
NOVIEMBRE,15,4,NA,NA,NA,NA,NA,NA,NA,NA,NA,NA,NA
NOVIEMBRE,15,5,NA,NA,NA,NA,NA,NA,NA,NA,NA,NA,NA
NOVIEMBRE,15,6,NA,NA,NA,NA,NA,NA,NA,NA,NA,NA,NA
NOVIEMBRE,15,7,NA,NA,NA,NA,NA,NA,NA,NA,NA,NA,NA
NOVIEMBRE,15,8,NA,NA,NA,NA,NA,NA,NA,NA,NA,NA,NA
NOVIEMBRE,15,9,NA,NA,NA,NA,NA,NA,NA,NA,NA,NA,NA
NOVIEMBRE,15,10,NA,NA,NA,NA,NA,NA,NA,NA,NA,NA,NA
NOVIEMBRE,15,11,NA,NA,NA,NA,NA,NA,NA,NA,NA,NA,NA
NOVIEMBRE,15,12,NA,NA,NA,NA,NA,NA,NA,NA,NA,NA,NA
NOVIEMBRE,15,13,NA,NA,NA,NA,NA,NA,NA,NA,NA,NA,NA
NOVIEMBRE,15,14,NA,NA,NA,NA,NA,NA,NA,NA,NA,NA,NA
NOVIEMBRE,15,15,NA,NA,NA,NA,NA,NA,NA,NA,NA,NA,NA
NOVIEMBRE,15,16,NA,NA,NA,NA,NA,NA,NA,NA,NA,NA,NA
NOVIEMBRE,15,17,NA,NA,NA,NA,NA,NA,NA,NA,NA,NA,NA
NOVIEMBRE,15,18,NA,NA,NA,NA,NA,NA,NA,NA,NA,NA,NA
NOVIEMBRE,15,19,NA,NA,NA,NA,NA,NA,NA,NA,NA,NA,NA
NOVIEMBRE,15,20,NA,NA,NA,NA,NA,NA,NA,NA,NA,NA,NA
NOVIEMBRE,15,21,NA,NA,NA,NA,NA,NA,NA,NA,NA,NA,NA
NOVIEMBRE,15,22,NA,NA,NA,NA,NA,NA,NA,NA,NA,NA,NA
NOVIEMBRE,15,23,NA,NA,NA,NA,NA,NA,NA,NA,NA,NA,NA
NOVIEMBRE,16,0,NA,NA,NA,NA,NA,NA,NA,NA,NA,NA,NA
NOVIEMBRE,16,1,NA,NA,NA,NA,NA,NA,NA,NA,NA,NA,NA
NOVIEMBRE,16,2,NA,NA,NA,NA,NA,NA,NA,NA,NA,NA,NA
NOVIEMBRE,16,3,NA,NA,NA,NA,NA,NA,NA,NA,NA,NA,NA
NOVIEMBRE,16,4,NA,NA,NA,NA,NA,NA,NA,NA,NA,NA,NA
NOVIEMBRE,16,5,NA,NA,NA,NA,NA,NA,NA,NA,NA,NA,NA
NOVIEMBRE,16,6,NA,NA,NA,NA,NA,NA,NA,NA,NA,NA,NA
NOVIEMBRE,16,7,NA,NA,NA,NA,NA,NA,NA,NA,NA,NA,NA
NOVIEMBRE,16,8,NA,NA,NA,NA,NA,NA,NA,NA,NA,NA,NA
NOVIEMBRE,16,9,NA,NA,NA,NA,NA,NA,NA,NA,NA,NA,NA
NOVIEMBRE,16,10,NA,NA,NA,NA,NA,NA,NA,NA,NA,NA,NA
NOVIEMBRE,16,11,0.028,0.009,0.008,NA,39,9,22.75,0.59,213.97,7.37,NA
NOVIEMBRE,16,12,0.037,0.009,0.007,0.97,39,7,24.34,0.69,202.72,9.11,NA
NOVIEMBRE,16,13,0.040,0.009,0.007,0.92,45,3,25.77,2.09,225.99,9.67,NA
NOVIEMBRE,16,14,0.041,0.010,0.005,0.82,41,2,27.29,2.26,244.87,9.07,NA
NOVIEMBRE,16,15,0.042,0.009,0.005,0.78,29,2,28.09,2.56,227.57,7.44,NA
NOVIEMBRE,16,16,0.043,0.009,0.005,0.73,27,8,28.24,2.90,233.00,5.08,NA
NOVIEMBRE,16,17,0.041,0.009,0.005,0.73,37,6,27.71,3.66,229.33,2.62,NA
NOVIEMBRE,16,18,0.035,0.009,0.008,0.82,29,11,26.93,3.02,240.26,0.72,NA
NOVIEMBRE,16,19,0.012,0.010,0.017,1.95,34,15,25.05,0.71,284.79,0.08,NA
NOVIEMBRE,16,20,0.004,0.011,0.018,NA,41,23,22.62,0.48,185.61,0.06,NA
NOVIEMBRE,16,21,0.003,0.010,0.015,1.87,109,26,20.78,0.32,190.60,0.06,NA
NOVIEMBRE,16,22,0.002,0.009,0.015,1.66,98,17,19.64,0.13,185.78,0.07,NA
NOVIEMBRE,16,23,0.004,0.009,0.014,1.41,91,14,18.73,0.14,157.72,0.06,NA
NOVIEMBRE,17,0,0.003,0.009,0.013,1.66,55,14,18.12,0.14,241.79,0.07,NA
NOVIEMBRE,17,1,0.003,0.009,0.013,1.79,49,15,17.55,1.17,167.89,0.07,NA
NOVIEMBRE,17,2,0.004,0.007,0.013,1.22,56,18,16.56,0.47,197.28,0.07,NA
NOVIEMBRE,17,3,0.004,0.006,0.011,NA,51,19,15.50,0.13,107.91,0.07,NA
NOVIEMBRE,17,4,0.002,0.007,0.012,1.17,48,17,14.67,0.14,81.84,0.06,NA
NOVIEMBRE,17,5,0.003,0.007,0.011,0.98,49,13,14.01,0.13,57.00,0.06,NA
NOVIEMBRE,17,6,0.006,0.006,0.009,0.89,43,14,13.84,0.19,47.56,0.07,NA
NOVIEMBRE,17,7,0.002,0.007,0.010,NA,37,13,13.05,0.14,67.74,0.07,NA
NOVIEMBRE,17,8,0.003,0.008,0.010,1.81,40,14,13.62,0.14,302.92,0.56,NA
NOVIEMBRE,17,9,0.006,0.009,0.013,2.15,82,13,17.90,0.20,248.24,2.33,NA
NOVIEMBRE,17,10,0.017,0.010,0.011,1.55,92,27,20.23,0.46,243.11,4.75,NA
NOVIEMBRE,17,11,0.028,0.013,0.010,1.28,77,17,22.87,0.77,230.04,7.25,NA
NOVIEMBRE,17,12,0.040,0.014,0.008,0.96,77,11,24.79,2.38,236.62,8.97,NA
NOVIEMBRE,17,13,0.046,0.013,0.007,0.92,53,5,27.03,2.44,230.88,9.64,NA
NOVIEMBRE,17,14,0.052,0.011,0.008,0.95,44,3,28.86,2.35,220.40,9.02,NA
NOVIEMBRE,17,15,0.048,0.009,0.007,0.99,40,7,29.75,2.69,238.62,7.39,NA
NOVIEMBRE,17,16,0.045,0.008,0.008,NA,33,5,30.41,2.92,249.70,5.07,NA
NOVIEMBRE,17,17,0.042,0.007,0.008,0.94,38,11,30.24,2.70,251.91,2.63,NA
NOVIEMBRE,17,18,0.030,0.007,0.010,1.2,37,12,29.09,2.78,254.10,0.73,NA
NOVIEMBRE,17,19,0.012,0.008,0.015,1.74,39,18,26.53,1.26,278.82,0.08,NA
NOVIEMBRE,17,20,0.009,0.007,0.015,1.79,49,19,24.02,0.68,149.36,0.07,NA
NOVIEMBRE,17,21,0.011,0.010,0.014,2.34,64,18,23.16,0.86,132.28,0.07,NA
NOVIEMBRE,17,22,0.035,0.006,0.007,0.81,75,14,23.22,2.39,70.64,0.06,NA
NOVIEMBRE,17,23,0.030,0.006,0.007,0.72,42,6,22.60,1.98,77.75,0.07,NA
NOVIEMBRE,18,0,0.003,0.008,0.016,1.51,32,21,20.22,1.57,237.54,0.06,NA
NOVIEMBRE,18,1,0.005,0.008,0.012,0.94,101,22,17.40,1.10,204.74,0.07,NA
NOVIEMBRE,18,2,0.005,0.009,0.011,0.84,62,15,16.24,0.13,131.80,0.06,NA
NOVIEMBRE,18,3,0.005,0.009,0.010,0.91,47,11,14.85,0.14,94.03,0.07,NA
NOVIEMBRE,18,4,0.004,0.009,0.011,0.76,42,13,13.92,0.14,73.50,0.07,NA
NOVIEMBRE,18,5,0.004,0.009,0.011,NA,40,13,13.28,0.14,163.59,0.07,NA
NOVIEMBRE,18,6,0.002,0.010,0.011,0.96,40,13,12.80,0.14,62.36,0.07,NA
NOVIEMBRE,18,7,0.002,0.010,0.011,NA,50,15,11.70,0.13,104.85,0.07,NA
NOVIEMBRE,18,8,0.003,0.014,0.012,2.16,48,26,13.16,0.13,78.92,0.56,NA
NOVIEMBRE,18,9,0.006,0.013,0.013,1.95,111,15,17.62,0.14,224.37,2.38,NA
NOVIEMBRE,18,10,0.016,0.011,0.014,1.76,83,15,20.99,1.04,234.69,4.89,NA
NOVIEMBRE,18,11,0.030,0.011,0.012,1.27,79,19,23.21,2.04,220.75,7.09,NA
NOVIEMBRE,18,12,0.038,0.010,0.008,0.89,78,8,25.44,2.21,201.81,8.68,NA
NOVIEMBRE,18,13,0.042,0.010,0.006,0.81,51,4,26.91,2.49,199.47,9.58,NA
NOVIEMBRE,18,14,0.043,0.010,0.009,NA,39,2,28.50,2.13,196.81,8.98,NA
NOVIEMBRE,18,15,0.051,0.010,0.008,0.97,40,2,29.39,2.21,225.12,7.33,NA
NOVIEMBRE,18,16,0.047,0.010,0.009,0.94,41,3,30.35,1.74,204.44,5.05,NA
NOVIEMBRE,18,17,0.048,0.009,0.009,0.96,36,11,30.27,1.83,228.34,2.57,NA
NOVIEMBRE,18,18,0.040,0.009,0.013,1.24,41,13,29.37,1.51,167.59,0.70,NA
NOVIEMBRE,18,19,0.018,0.010,0.014,1.32,38,22,26.53,1.43,98.51,0.08,NA
NOVIEMBRE,18,20,0.016,0.009,0.007,0.73,48,19,23.86,1.14,114.98,0.07,NA
NOVIEMBRE,18,21,0.008,0.010,0.011,1.8,32,12,22.33,0.46,130.67,0.06,NA
NOVIEMBRE,18,22,0.004,0.011,0.013,1.2,70,21,19.98,0.15,237.56,0.06,NA
NOVIEMBRE,18,23,0.003,0.013,0.014,2.26,57,23,18.76,0.13,193.59,0.06,NA
NOVIEMBRE,19,0,0.002,0.013,0.010,1.87,112,30,18.39,0.42,258.52,0.06,NA
NOVIEMBRE,19,1,0.002,0.012,0.011,NA,118,14,17.02,0.13,301.49,0.06,NA
NOVIEMBRE,19,2,0.003,0.013,0.010,1.98,81,23,15.90,0.13,77.40,0.07,NA
NOVIEMBRE,19,3,0.002,0.012,0.010,1.77,72,17,14.77,0.13,122.95,0.06,NA
NOVIEMBRE,19,4,0.003,0.011,0.010,1.37,56,9,13.76,0.14,209.18,0.06,NA
NOVIEMBRE,19,5,0.003,0.010,0.009,1.38,45,16,13.45,0.13,121.67,0.06,NA
NOVIEMBRE,19,6,0.003,0.010,0.008,1.56,46,11,12.78,0.14,322.06,0.06,NA
NOVIEMBRE,19,7,0.002,0.012,0.010,2.19,46,18,12.28,0.13,325.19,0.07,NA
NOVIEMBRE,19,8,0.003,0.014,0.010,2.39,68,19,13.15,0.13,178.93,0.53,NA
NOVIEMBRE,19,9,0.009,0.012,0.009,1.79,73,8,17.69,0.13,127.69,2.27,NA
NOVIEMBRE,19,10,0.019,0.014,0.010,1.55,49,18,21.20,0.20,200.82,4.72,NA
NOVIEMBRE,19,11,0.032,0.020,0.007,1.61,57,14,22.95,1.30,220.48,7.06,NA
NOVIEMBRE,19,12,0.043,0.021,0.007,1.6,43,10,25.17,1.60,213.19,8.66,NA
NOVIEMBRE,19,13,0.060,0.019,0.005,1.37,49,9,27.59,1.36,234.99,9.38,NA
NOVIEMBRE,19,14,0.067,0.016,0.007,1.35,41,3,28.62,1.99,197.38,8.78,NA
NOVIEMBRE,19,15,0.065,0.015,0.005,1.29,47,9,29.89,1.53,209.74,7.13,NA
NOVIEMBRE,19,16,0.069,0.013,0.005,NA,36,11,30.11,1.86,164.63,4.82,NA
NOVIEMBRE,19,17,0.067,0.012,0.005,0.73,34,9,30.38,1.07,161.57,2.45,NA
NOVIEMBRE,19,18,0.047,0.012,0.010,1.26,26,14,29.45,1.90,238.59,0.68,NA
NOVIEMBRE,19,19,0.021,0.012,0.016,1.63,43,28,26.87,1.81,253.18,0.08,NA
NOVIEMBRE,19,20,0.028,0.011,0.011,1.61,53,17,24.93,2.90,244.85,0.07,NA
NOVIEMBRE,19,21,0.021,0.011,0.013,1.56,58,20,23.03,1.52,261.70,0.06,NA
NOVIEMBRE,19,22,0.030,0.010,0.009,1.41,53,19,21.08,0.75,288.84,0.06,NA
NOVIEMBRE,19,23,0.031,0.010,0.007,1.27,35,17,20.29,1.09,307.16,0.06,NA
NOVIEMBRE,20,0,0.026,0.009,0.008,1.35,32,10,19.51,0.27,299.97,0.07,NA
NOVIEMBRE,20,1,0.011,0.009,0.013,1.21,43,13,18.16,0.13,252.94,0.06,NA
NOVIEMBRE,20,2,0.006,0.009,0.015,1.23,53,19,16.73,0.13,182.01,0.06,NA
NOVIEMBRE,20,3,0.004,0.010,0.014,1.35,53,21,16.06,0.13,196.96,0.06,NA
NOVIEMBRE,20,4,0.007,0.009,0.012,1.17,48,16,15.47,0.13,179.60,0.06,NA
NOVIEMBRE,20,5,0.005,0.009,0.011,1.22,44,20,14.48,0.14,276.15,0.06,NA
NOVIEMBRE,20,6,0.012,0.008,0.008,0.88,41,14,14.33,0.13,203.24,0.06,NA
NOVIEMBRE,20,7,0.010,0.008,0.009,NA,30,13,14.09,0.13,275.70,0.07,NA
NOVIEMBRE,20,8,0.005,0.009,0.012,1.64,33,16,14.85,0.13,107.11,0.51,NA
NOVIEMBRE,20,9,0.013,0.010,0.010,1.68,63,10,18.64,0.52,81.18,2.18,NA
NOVIEMBRE,20,10,0.031,0.009,0.006,1.3,58,17,22.03,1.31,227.08,4.60,NA
NOVIEMBRE,20,11,0.039,0.008,0.006,1.3,46,16,23.32,1.79,245.21,6.46,NA
NOVIEMBRE,20,12,0.050,0.009,0.004,1.27,44,12,25.53,1.60,228.26,8.39,NA
NOVIEMBRE,20,13,0.056,0.009,0.004,1.16,39,8,27.08,1.75,198.50,8.90,NA
NOVIEMBRE,20,14,0.055,0.010,0.005,1.19,37,4,28.93,2.29,239.34,8.75,NA
NOVIEMBRE,20,15,0.051,0.009,0.005,1.18,49,4,29.62,2.98,238.41,7.24,NA
NOVIEMBRE,20,16,0.053,0.009,0.004,1.26,34,6,29.64,3.03,230.35,4.76,NA
NOVIEMBRE,20,17,0.043,0.009,0.006,1.26,31,9,29.66,3.23,257.01,2.53,NA
NOVIEMBRE,20,18,0.036,0.009,0.008,1.35,28,14,28.38,3.47,259.96,0.69,NA
NOVIEMBRE,20,19,0.028,0.009,0.010,1.6,34,21,25.65,2.97,249.49,0.08,NA
NOVIEMBRE,20,20,0.019,0.010,0.012,1.79,44,23,23.52,1.60,209.32,0.06,NA
NOVIEMBRE,20,21,0.014,0.008,0.012,1.68,49,17,21.51,1.30,209.85,0.07,NA
NOVIEMBRE,20,22,0.023,0.008,0.010,1.5,66,16,20.18,1.04,290.84,0.06,NA
NOVIEMBRE,20,23,0.023,0.008,0.007,1.43,51,14,19.30,1.26,293.41,0.06,NA
NOVIEMBRE,21,0,0.020,0.008,0.006,1.43,30,8,18.31,1.09,287.73,0.06,NA
NOVIEMBRE,21,1,0.015,0.008,0.007,0.85,32,15,17.47,0.74,297.97,0.06,NA
NOVIEMBRE,21,2,0.013,0.008,0.008,0.81,35,13,17.17,0.67,236.33,0.07,NA
NOVIEMBRE,21,3,0.011,0.008,0.006,0.6,27,13,15.47,0.29,131.56,0.07,NA
NOVIEMBRE,21,4,0.005,0.008,0.008,0.67,32,17,14.32,0.13,106.75,0.06,NA
NOVIEMBRE,21,5,0.003,0.009,0.009,0.78,46,23,13.84,0.13,110.57,0.06,NA
NOVIEMBRE,21,6,0.003,0.010,0.009,NA,49,36,13.38,0.13,105.59,0.06,NA
NOVIEMBRE,21,7,0.002,0.010,0.009,1.38,79,41,13.18,0.13,219.09,0.07,NA
NOVIEMBRE,21,8,0.003,0.011,0.009,1.68,92,31,13.45,0.14,293.19,0.46,NA
NOVIEMBRE,21,9,0.006,0.010,0.009,1.84,72,11,16.89,0.88,293.88,2.06,NA
NOVIEMBRE,21,10,0.017,0.009,0.008,1.26,79,8,21.51,0.94,224.27,4.60,NA
NOVIEMBRE,21,11,0.029,0.009,0.007,NA,42,4,23.97,1.33,211.02,6.85,NA
NOVIEMBRE,21,12,0.042,0.005,0.007,NA,33,8,24.24,2.26,191.08,8.21,NA
NOVIEMBRE,21,13,0.048,0.007,0.005,0.92,51,9,25.16,2.24,166.01,8.72,NA
NOVIEMBRE,21,14,0.046,0.007,0.005,0.88,34,4,25.60,2.85,176.32,7.47,NA
NOVIEMBRE,21,15,0.047,0.008,0.005,0.84,36,8,25.49,2.26,148.61,5.27,NA
NOVIEMBRE,21,16,0.053,0.008,0.006,0.84,34,7,26.42,1.87,148.36,4.16,NA
NOVIEMBRE,21,17,0.055,0.008,0.008,0.99,43,20,26.05,2.41,161.38,1.93,NA
NOVIEMBRE,21,18,0.040,0.011,0.015,1.45,53,27,24.76,2.43,142.06,0.54,NA
NOVIEMBRE,21,19,0.034,0.009,0.008,0.99,82,29,22.43,2.87,100.67,0.08,NA
NOVIEMBRE,21,20,0.031,0.008,0.007,0.91,85,30,20.51,3.42,95.88,0.06,NA
NOVIEMBRE,21,21,0.031,0.007,0.005,0.77,77,22,18.75,3.36,93.39,0.06,NA
NOVIEMBRE,21,22,0.025,0.007,0.006,0.83,49,17,17.31,2.19,124.43,0.07,NA
NOVIEMBRE,21,23,0.021,0.007,0.006,0.77,45,14,16.43,1.53,121.11,0.06,NA
NOVIEMBRE,22,0,0.025,0.007,0.004,0.7,27,7,15.87,1.91,159.70,0.06,NA
NOVIEMBRE,22,1,0.028,0.007,0.003,0.63,24,7,14.82,3.46,169.43,0.06,NA
NOVIEMBRE,22,2,0.021,0.009,0.003,0.55,23,8,13.85,4.12,166.73,0.06,NA
NOVIEMBRE,22,3,0.025,0.009,0.003,0.54,21,11,13.45,2.94,159.49,0.07,NA
NOVIEMBRE,22,4,0.026,0.008,0.002,0.53,21,4,13.20,2.59,123.80,0.06,NA
NOVIEMBRE,22,5,0.021,0.008,0.003,0.53,18,9,12.54,2.03,213.10,0.06,NA
NOVIEMBRE,22,6,0.019,0.008,0.003,0.53,15,12,11.63,3.84,134.18,0.06,NA
NOVIEMBRE,22,7,0.014,0.009,0.006,0.87,13,10,11.83,0.84,192.92,0.07,NA
NOVIEMBRE,22,8,0.011,0.010,0.009,1.38,26,13,11.72,1.91,185.68,0.20,NA
NOVIEMBRE,22,9,0.006,0.011,0.009,1.51,35,17,12.36,0.99,189.38,0.79,NA
NOVIEMBRE,22,10,0.019,0.010,0.004,0.92,60,9,13.25,2.80,105.73,2.39,NA
NOVIEMBRE,22,11,0.019,0.009,0.005,0.91,35,5,14.46,1.73,125.15,3.56,NA
NOVIEMBRE,22,12,0.020,0.009,0.005,0.97,33,5,16.03,1.21,116.20,4.08,NA
NOVIEMBRE,22,13,0.026,0.009,0.004,0.85,33,4,16.71,2.76,105.37,4.88,NA
NOVIEMBRE,22,14,0.030,0.009,0.004,0.83,43,3,18.19,2.87,112.13,6.09,NA
NOVIEMBRE,22,15,0.029,0.010,0.006,0.97,40,4,19.05,3.63,137.06,5.57,NA
NOVIEMBRE,22,16,0.027,0.010,0.006,0.99,49,13,18.78,4.29,124.35,4.18,NA
NOVIEMBRE,22,17,0.023,0.010,0.006,NA,63,18,17.41,4.44,127.98,1.55,NA
NOVIEMBRE,22,18,0.018,0.010,0.007,0.98,60,23,15.87,4.31,116.06,0.36,NA
NOVIEMBRE,22,19,0.013,0.010,0.010,1.28,54,15,15.47,4.10,130.82,0.07,NA
NOVIEMBRE,22,20,0.013,0.010,0.008,1.38,58,19,14.75,3.72,134.76,0.06,NA
NOVIEMBRE,22,21,0.010,0.010,0.008,1.2,50,21,14.07,3.21,136.13,0.06,NA
NOVIEMBRE,22,22,0.011,0.010,0.006,NA,44,14,13.94,2.86,149.72,0.06,NA
NOVIEMBRE,22,23,0.011,0.009,0.007,0.97,37,9,13.88,1.06,144.96,0.06,NA
NOVIEMBRE,23,0,0.008,0.010,0.007,0.93,33,11,13.96,0.13,157.12,0.06,NA
NOVIEMBRE,23,1,0.008,0.009,0.006,0.71,34,13,13.94,0.82,141.86,0.06,NA
NOVIEMBRE,23,2,0.008,0.007,0.007,0.6,28,15,13.69,0.84,89.31,0.07,NA
NOVIEMBRE,23,3,0.007,0.006,0.006,0.61,27,11,13.41,0.17,131.16,0.06,NA
NOVIEMBRE,23,4,0.006,0.006,0.007,0.61,32,11,13.07,0.13,116.97,0.07,NA
NOVIEMBRE,23,5,0.008,0.007,0.006,0.59,28,14,13.01,0.13,130.86,0.06,NA
NOVIEMBRE,23,6,0.006,0.007,0.007,0.76,23,14,12.89,0.13,206.31,0.06,NA
NOVIEMBRE,23,7,0.002,0.009,0.010,1.37,40,27,13.24,0.22,118.69,0.06,NA
NOVIEMBRE,23,8,0.003,0.010,0.010,1.6,69,28,13.42,0.22,100.86,0.40,NA
NOVIEMBRE,23,9,0.007,0.010,0.009,1.63,93,26,14.87,0.77,131.67,1.52,NA
NOVIEMBRE,23,10,0.016,0.009,0.006,NA,82,14,16.28,0.86,179.46,2.66,NA
NOVIEMBRE,23,11,0.022,0.008,0.005,0.97,35,3,19.05,1.34,216.53,5.62,NA
NOVIEMBRE,23,12,0.028,0.008,0.004,0.78,37,6,20.01,2.59,230.83,5.62,NA
NOVIEMBRE,23,13,0.028,0.008,0.003,0.71,29,9,20.41,3.96,240.06,4.66,NA
NOVIEMBRE,23,14,0.030,0.007,0.003,0.67,41,2,21.14,5.05,229.46,7.19,NA
NOVIEMBRE,23,15,0.033,0.007,0.003,0.7,43,3,22.00,4.58,219.56,5.67,NA
NOVIEMBRE,23,16,0.034,0.007,0.004,0.74,35,4,22.74,4.46,197.93,4.82,NA
NOVIEMBRE,23,17,0.035,0.007,0.003,0.72,29,9,22.65,4.23,203.68,2.30,NA
NOVIEMBRE,23,18,0.030,0.008,0.004,0.82,24,13,21.67,4.75,197.73,0.62,NA
NOVIEMBRE,23,19,0.019,0.008,0.008,1.25,28,17,20.12,3.32,186.35,0.07,NA
NOVIEMBRE,23,20,0.014,0.008,0.008,1.17,41,23,18.31,2.99,194.00,0.06,NA
NOVIEMBRE,23,21,0.012,0.007,0.008,1.16,44,14,17.11,1.97,201.37,0.06,NA
NOVIEMBRE,23,22,0.015,0.007,0.006,0.91,39,16,16.23,1.88,218.86,0.06,NA
NOVIEMBRE,23,23,0.012,0.007,0.006,0.9,29,11,15.31,0.13,171.88,0.06,NA
NOVIEMBRE,24,0,0.014,0.007,0.006,0.74,30,8,14.55,0.49,87.03,0.06,NA
NOVIEMBRE,24,1,0.014,0.008,0.005,0.75,32,18,13.61,0.14,100.35,0.06,NA
NOVIEMBRE,24,2,0.007,0.009,0.007,0.8,29,11,12.76,0.14,99.31,0.06,NA
NOVIEMBRE,24,3,0.006,0.009,0.007,0.72,25,6,11.83,0.13,81.79,0.06,NA
NOVIEMBRE,24,4,0.005,0.009,0.006,0.68,24,11,11.06,0.13,70.03,0.06,NA
NOVIEMBRE,24,5,0.006,0.008,0.006,0.64,24,10,10.41,0.13,47.24,0.06,NA
NOVIEMBRE,24,6,0.005,0.009,0.006,0.67,18,6,9.73,0.13,170.07,0.06,NA
NOVIEMBRE,24,7,0.004,0.008,0.006,0.81,19,13,9.47,0.13,240.86,0.06,NA
NOVIEMBRE,24,8,0.003,0.009,0.006,1.38,33,13,10.16,0.13,49.46,0.46,NA
NOVIEMBRE,24,9,0.005,0.011,0.009,1.99,64,8,14.04,0.17,124.29,2.08,NA
NOVIEMBRE,24,10,0.016,0.010,0.008,1.38,90,18,16.97,0.75,198.43,4.38,NA
NOVIEMBRE,24,11,0.024,0.009,0.005,0.98,48,14,18.55,1.58,207.06,6.56,NA
NOVIEMBRE,24,12,0.029,0.009,0.006,0.98,37,5,20.11,1.28,201.56,8.41,NA
NOVIEMBRE,24,13,0.038,0.009,0.004,0.87,33,6,21.64,1.10,227.01,9.15,NA
NOVIEMBRE,24,14,0.040,0.009,0.005,0.82,29,2,23.00,1.56,206.60,8.59,NA
NOVIEMBRE,24,15,0.038,0.011,0.007,NA,28,3,23.64,2.17,195.41,6.95,NA
NOVIEMBRE,24,16,0.040,0.010,0.005,0.93,39,6,24.64,2.16,222.69,4.74,NA
NOVIEMBRE,24,17,0.041,0.011,0.005,0.83,34,5,24.95,1.50,160.93,2.44,NA
NOVIEMBRE,24,18,0.037,0.010,0.007,0.88,31,10,24.56,0.84,135.16,0.66,NA
NOVIEMBRE,24,19,0.009,0.011,0.017,1.57,34,24,21.99,1.25,105.68,0.07,NA
NOVIEMBRE,24,20,0.003,0.013,0.017,2.56,88,34,19.14,1.25,134.23,0.06,NA
NOVIEMBRE,24,21,0.003,0.014,0.017,3.59,179,36,17.72,0.74,153.15,0.06,NA
NOVIEMBRE,24,22,0.002,0.013,0.017,2.94,177,36,15.93,0.39,77.99,0.06,NA
NOVIEMBRE,24,23,0.002,0.012,0.015,2.63,143,30,14.34,0.13,150.88,0.07,NA
NOVIEMBRE,25,0,0.002,0.012,0.013,2.3,137,40,13.05,0.13,188.12,0.06,NA
NOVIEMBRE,25,1,0.002,0.012,0.012,2.15,120,25,12.31,0.14,94.98,0.06,NA
NOVIEMBRE,25,2,0.002,0.013,0.012,2.3,125,37,11.78,0.14,209.94,0.06,NA
NOVIEMBRE,25,3,0.002,0.012,0.011,2.14,97,35,10.98,0.14,90.93,0.07,NA
NOVIEMBRE,25,4,0.003,0.011,0.011,1.69,109,33,9.80,0.14,91.68,0.07,NA
NOVIEMBRE,25,5,0.006,0.009,0.011,1.19,68,19,8.76,0.13,225.61,0.06,NA
NOVIEMBRE,25,6,0.012,0.009,0.007,0.94,57,16,8.39,0.14,243.94,0.07,NA
NOVIEMBRE,25,7,0.003,0.011,0.011,1.66,35,28,8.52,0.13,110.11,0.07,NA
NOVIEMBRE,25,8,0.004,0.013,0.012,1.89,118,34,8.72,0.13,300.22,0.44,NA
NOVIEMBRE,25,9,0.011,0.010,0.013,1.83,88,4,13.56,0.13,127.10,1.99,NA
NOVIEMBRE,25,10,0.014,0.015,0.014,1.97,89,20,17.40,0.83,147.03,4.12,NA
NOVIEMBRE,25,11,0.028,0.017,0.008,1.29,99,14,19.67,1.75,147.43,6.45,NA
NOVIEMBRE,25,12,0.039,0.014,0.006,NA,72,8,21.62,1.96,146.36,8.20,NA
NOVIEMBRE,25,13,0.043,0.012,0.005,0.87,46,2,23.08,2.66,184.36,8.91,NA
NOVIEMBRE,25,14,0.042,0.010,0.006,0.83,35,2,24.51,2.27,211.89,8.46,NA
NOVIEMBRE,25,15,0.048,0.009,0.005,0.85,29,2,25.91,1.96,214.77,6.75,NA
NOVIEMBRE,25,16,0.041,0.010,0.005,0.96,31,4,26.07,2.25,202.39,4.73,NA
NOVIEMBRE,25,17,0.038,0.009,0.006,0.74,26,4,25.81,2.51,207.70,2.44,NA
NOVIEMBRE,25,18,0.032,0.009,0.008,0.77,27,11,25.29,2.31,186.42,0.67,NA
NOVIEMBRE,25,19,0.011,0.010,0.014,1.58,30,24,23.27,1.89,190.66,0.07,NA
NOVIEMBRE,25,20,0.015,0.010,0.011,0.83,74,20,20.87,2.54,241.90,0.06,NA
NOVIEMBRE,25,21,0.005,0.009,0.015,NA,61,19,18.40,1.11,227.35,0.06,NA
NOVIEMBRE,25,22,0.003,0.011,0.015,1.71,70,24,17.32,1.28,191.05,0.06,NA
NOVIEMBRE,25,23,0.008,0.010,0.010,1.17,87,14,16.68,1.53,190.02,0.06,NA
NOVIEMBRE,26,0,0.003,0.010,0.012,1.49,48,16,15.21,0.25,131.97,0.06,NA
NOVIEMBRE,26,1,0.002,0.010,0.012,1.68,74,23,13.30,0.37,243.97,0.06,NA
NOVIEMBRE,26,2,0.003,0.008,0.011,1.5,85,18,12.18,0.69,304.33,0.06,NA
NOVIEMBRE,26,3,0.005,0.007,0.008,NA,65,13,11.47,0.14,300.36,0.06,NA
NOVIEMBRE,26,4,0.009,0.007,0.007,0.86,43,13,10.71,0.29,202.12,0.06,NA
NOVIEMBRE,26,5,0.004,0.007,0.007,0.91,32,13,10.38,0.16,159.14,0.06,NA
NOVIEMBRE,26,6,0.005,0.007,0.007,0.92,31,7,9.47,0.20,294.03,0.06,NA
NOVIEMBRE,26,7,0.005,0.007,0.007,0.92,31,13,8.99,0.16,303.39,0.06,NA
NOVIEMBRE,26,8,0.005,0.008,0.007,1.23,25,8,9.65,0.18,285.15,0.45,NA
NOVIEMBRE,26,9,0.009,0.009,0.008,1.54,41,11,13.69,0.13,193.76,2.05,NA
NOVIEMBRE,26,10,0.020,0.008,0.009,1.39,57,18,17.52,0.14,201.93,4.35,NA
NOVIEMBRE,26,11,0.030,0.008,0.007,1.19,50,14,20.89,0.62,218.14,6.75,NA
NOVIEMBRE,26,12,0.038,0.008,0.005,0.98,35,7,24.13,1.10,226.37,8.52,NA
NOVIEMBRE,26,13,0.033,0.008,0.004,0.91,20,2,25.20,1.84,204.61,9.19,NA
NOVIEMBRE,26,14,0.037,0.007,0.003,0.78,17,2,25.16,1.99,197.44,8.60,NA
NOVIEMBRE,26,15,0.041,0.007,0.004,0.78,16,2,26.03,1.52,157.88,6.94,NA
NOVIEMBRE,26,16,0.040,0.007,0.005,0.9,19,4,26.75,1.67,175.62,4.74,NA
NOVIEMBRE,26,17,0.035,0.008,0.005,0.97,21,6,26.46,1.62,139.31,2.39,NA
NOVIEMBRE,26,18,0.033,0.007,0.006,0.91,22,19,24.05,0.76,97.63,0.55,NA
NOVIEMBRE,26,19,0.018,0.007,0.010,NA,21,16,21.70,1.44,59.10,0.07,NA
NOVIEMBRE,26,20,0.007,0.007,0.012,1.24,45,13,19.00,0.90,155.81,0.06,NA
NOVIEMBRE,26,21,0.003,0.009,0.015,1.97,74,23,18.45,1.68,228.36,0.07,NA
NOVIEMBRE,26,22,0.003,0.009,0.014,1.8,86,22,17.35,0.58,62.85,0.06,NA
NOVIEMBRE,26,23,0.003,0.008,0.012,1.56,87,16,16.27,0.78,206.51,0.06,NA
NOVIEMBRE,27,0,0.003,0.009,0.012,2.13,59,20,15.57,0.94,152.73,0.06,NA
NOVIEMBRE,27,1,0.008,0.009,0.009,1.15,96,18,15.83,1.25,81.64,0.06,NA
NOVIEMBRE,27,2,0.002,0.011,0.011,1.65,57,19,14.58,0.61,215.15,0.07,NA
NOVIEMBRE,27,3,0.004,0.010,0.009,NA,72,13,14.28,1.07,240.06,0.06,NA
NOVIEMBRE,27,4,0.002,0.009,0.010,0.92,46,20,13.38,0.84,251.61,0.06,NA
NOVIEMBRE,27,5,0.005,0.009,0.008,0.82,53,22,12.15,0.14,269.86,0.06,NA
NOVIEMBRE,27,6,0.006,0.009,0.007,0.78,49,21,11.48,0.13,297.58,0.06,NA
NOVIEMBRE,27,7,0.003,0.011,0.010,1.23,42,22,11.22,0.13,200.76,0.06,NA
NOVIEMBRE,27,8,0.002,0.013,0.010,2.64,64,30,11.90,0.14,168.11,0.29,NA
NOVIEMBRE,27,9,0.003,0.014,0.010,2.32,106,23,13.40,0.28,212.28,1.10,NA
NOVIEMBRE,27,10,0.006,0.013,0.010,2.26,86,25,15.12,0.71,222.31,3.04,NA
NOVIEMBRE,27,11,0.020,0.011,0.009,1.56,99,21,18.86,1.35,181.26,5.29,NA
NOVIEMBRE,27,12,0.027,0.010,0.006,NA,86,22,20.00,2.56,178.28,4.73,NA
NOVIEMBRE,27,13,0.031,0.011,0.006,NA,49,7,21.97,2.31,166.67,6.97,NA
NOVIEMBRE,27,14,0.034,0.011,0.006,0.99,53,11,22.47,2.18,167.97,5.55,NA
NOVIEMBRE,27,15,0.034,0.011,0.006,0.96,45,7,22.81,1.87,136.73,3.61,NA
NOVIEMBRE,27,16,0.036,0.011,0.006,0.99,36,20,22.39,2.07,199.16,2.13,NA
NOVIEMBRE,27,17,0.032,0.011,0.009,1.18,45,14,22.37,1.89,177.87,1.07,NA
NOVIEMBRE,27,18,0.027,0.013,0.010,1.43,49,27,22.03,2.19,205.38,0.23,NA
NOVIEMBRE,27,19,0.016,0.014,0.012,1.94,71,26,21.40,1.39,247.61,0.06,NA
NOVIEMBRE,27,20,0.008,0.014,0.011,1.84,75,21,20.63,1.59,240.20,0.06,NA
NOVIEMBRE,27,21,0.004,0.013,0.012,1.69,58,18,19.68,1.42,161.59,0.06,NA
NOVIEMBRE,27,22,0.003,0.014,0.012,2.29,65,21,19.02,0.68,111.69,0.06,NA
NOVIEMBRE,27,23,0.003,0.012,0.011,1.82,95,25,18.04,0.64,142.26,0.06,NA
NOVIEMBRE,28,0,0.002,0.013,0.012,1.8,73,21,17.75,1.23,257.55,0.06,NA
NOVIEMBRE,28,1,0.004,0.010,0.009,NA,83,22,16.97,1.10,265.92,0.06,NA
NOVIEMBRE,28,2,0.009,0.008,0.006,0.84,59,21,16.15,1.69,233.03,0.06,NA
NOVIEMBRE,28,3,0.010,0.007,0.005,0.75,43,16,15.63,0.80,224.03,0.07,NA
NOVIEMBRE,28,4,0.012,0.008,0.005,0.72,32,12,15.90,0.42,122.15,0.07,NA
NOVIEMBRE,28,5,0.010,0.007,0.005,0.74,39,18,16.08,1.33,135.94,0.06,NA
NOVIEMBRE,28,6,0.005,0.008,0.006,0.8,40,25,15.02,1.49,173.83,0.06,NA
NOVIEMBRE,28,7,0.003,0.009,0.007,1.49,38,19,13.93,1.26,141.79,0.07,NA
NOVIEMBRE,28,8,0.003,0.011,0.009,2.53,60,18,14.00,0.69,152.89,0.40,NA
NOVIEMBRE,28,9,0.005,0.010,0.009,1.79,82,12,16.41,0.68,116.44,1.84,NA
NOVIEMBRE,28,10,0.012,0.009,0.008,1.43,75,17,18.59,1.57,158.86,3.38,NA
NOVIEMBRE,28,11,0.025,0.008,0.004,1,64,10,20.36,2.17,126.10,5.87,NA
NOVIEMBRE,28,12,0.031,0.008,0.004,0.91,42,8,22.36,2.14,152.21,7.93,NA
NOVIEMBRE,28,13,0.038,0.009,0.005,0.9,42,5,24.20,2.06,158.91,7.93,NA
NOVIEMBRE,28,14,0.039,0.009,0.004,0.88,44,8,25.06,2.16,150.42,8.27,NA
NOVIEMBRE,28,15,0.036,0.009,0.006,1.17,32,5,26.34,2.23,209.70,6.30,NA
NOVIEMBRE,28,16,0.038,0.009,0.006,0.99,35,12,26.35,1.83,241.13,3.98,NA
NOVIEMBRE,28,17,0.036,0.009,0.008,1.2,35,9,25.55,1.52,232.57,1.92,NA
NOVIEMBRE,28,18,0.028,0.009,0.010,1.41,43,16,24.30,1.46,213.40,0.52,NA
NOVIEMBRE,28,19,0.007,0.010,0.014,NA,49,19,23.05,1.33,196.78,0.07,NA
NOVIEMBRE,28,20,0.021,0.008,0.006,NA,109,16,21.24,2.91,61.53,0.06,NA
NOVIEMBRE,28,21,0.018,0.008,0.006,0.91,54,13,20.01,1.53,66.43,0.07,NA
NOVIEMBRE,28,22,0.023,0.007,0.004,0.73,48,10,19.07,2.19,68.81,0.06,NA
NOVIEMBRE,28,23,0.004,0.009,0.011,1.88,31,11,18.67,1.40,230.63,0.06,NA
NOVIEMBRE,29,0,0.004,0.009,0.010,1.41,73,15,17.99,1.66,234.16,0.06,NA
NOVIEMBRE,29,1,0.007,0.008,0.008,0.91,65,15,16.53,1.76,210.47,0.06,NA
NOVIEMBRE,29,2,0.009,0.008,0.006,0.67,44,11,15.81,1.63,264.54,0.07,NA
NOVIEMBRE,29,3,0.010,0.007,0.006,0.58,29,11,14.45,1.04,221.88,0.06,NA
NOVIEMBRE,29,4,0.007,0.007,0.005,0.58,21,9,13.76,0.74,245.52,0.06,NA
NOVIEMBRE,29,5,0.006,0.007,0.006,0.55,22,5,13.48,0.70,288.86,0.06,NA
NOVIEMBRE,29,6,0.004,0.007,0.006,0.63,18,13,12.83,0.87,263.15,0.06,NA
NOVIEMBRE,29,7,0.003,0.008,0.006,0.77,29,11,12.14,0.42,330.92,0.06,NA
NOVIEMBRE,29,8,0.003,0.010,0.007,1.7,31,13,12.65,0.68,158.29,0.39,NA
NOVIEMBRE,29,9,0.006,0.010,0.008,1.72,70,14,16.04,1.25,255.39,1.59,NA
NOVIEMBRE,29,10,0.009,0.009,0.008,1.62,56,10,17.76,1.97,229.69,2.53,NA
NOVIEMBRE,29,11,0.014,0.009,0.006,1.22,78,15,18.46,1.84,199.11,4.99,NA
NOVIEMBRE,29,12,0.026,0.009,0.004,0.97,53,3,22.04,2.72,151.82,7.53,NA
NOVIEMBRE,29,13,0.031,0.009,0.004,0.9,42,9,22.49,2.29,152.81,6.13,NA
NOVIEMBRE,29,14,0.032,0.009,0.005,0.94,41,2,23.50,2.43,179.38,6.36,NA
NOVIEMBRE,29,15,0.033,0.009,0.005,0.93,40,4,24.27,2.09,205.62,5.06,NA
NOVIEMBRE,29,16,0.033,0.009,0.006,0.94,38,8,24.40,2.38,201.97,3.34,NA
NOVIEMBRE,29,17,0.032,0.010,0.006,0.96,40,18,23.28,2.96,238.04,1.62,NA
NOVIEMBRE,29,18,0.031,0.009,0.006,NA,47,15,22.09,3.98,200.21,0.35,NA
NOVIEMBRE,29,19,0.025,0.009,0.006,1.13,76,34,18.02,3.26,144.37,0.06,NA
NOVIEMBRE,29,20,0.023,0.008,0.007,0.93,42,27,17.75,1.00,83.37,0.06,NA
NOVIEMBRE,29,21,0.021,0.008,0.007,0.84,32,16,17.99,0.25,100.37,0.06,NA
NOVIEMBRE,29,22,0.017,0.008,0.009,NA,41,22,18.25,0.68,127.60,0.06,NA
NOVIEMBRE,29,23,0.015,0.008,0.009,0.93,42,21,17.73,1.63,126.63,0.06,NA
NOVIEMBRE,30,0,0.012,0.008,0.008,0.82,38,20,15.95,1.51,128.72,0.06,NA
NOVIEMBRE,30,1,0.013,0.008,0.006,0.86,25,23,15.48,1.97,161.56,0.06,NA
NOVIEMBRE,30,2,0.018,0.008,0.003,0.72,19,11,15.06,0.68,161.17,0.06,NA
NOVIEMBRE,30,3,0.022,0.008,0.003,0.7,10,6,14.63,0.68,78.98,0.06,NA
NOVIEMBRE,30,4,0.019,0.008,0.004,0.69,10,5,14.75,0.15,154.47,0.06,NA
NOVIEMBRE,30,5,0.016,0.008,0.004,0.64,12,7,14.49,0.13,148.29,0.06,NA
NOVIEMBRE,30,6,0.010,0.008,0.007,0.76,15,11,14.27,0.13,136.33,0.06,NA
NOVIEMBRE,30,7,0.003,0.008,0.010,1,12,14,14.34,0.13,104.46,0.06,NA
NOVIEMBRE,30,8,0.002,0.010,0.010,NA,23,13,14.52,0.13,147.71,0.25,NA
NOVIEMBRE,30,9,0.005,0.012,0.010,2.2,36,19,15.39,0.16,137.08,1.28,NA
NOVIEMBRE,30,10,0.016,0.010,0.008,1.29,40,12,17.25,0.37,154.24,3.53,NA
NOVIEMBRE,30,11,0.025,0.009,0.006,0.98,36,5,19.36,1.68,193.33,4.74,NA
NOVIEMBRE,30,12,0.029,0.009,0.004,0.79,29,7,20.75,2.54,210.93,7.76,NA
NOVIEMBRE,30,13,0.030,0.009,0.003,0.61,32,5,22.37,5.34,227.88,9.05,NA
NOVIEMBRE,30,14,0.030,0.010,0.003,0.38,31,4,23.59,6.01,235.81,7.76,NA
NOVIEMBRE,30,15,0.026,0.010,0.004,NA,28,6,23.38,4.95,253.02,5.19,NA
NOVIEMBRE,30,16,0.026,0.010,0.006,NA,27,7,24.18,3.76,256.83,3.83,NA
NOVIEMBRE,30,17,0.029,0.009,0.005,NA,30,12,23.49,4.17,222.62,1.81,NA
NOVIEMBRE,30,18,0.022,0.009,0.005,0.45,32,16,21.44,3.77,188.73,0.42,NA
NOVIEMBRE,30,19,0.017,0.009,0.007,0.71,29,16,20.52,3.03,200.62,0.06,NA
NOVIEMBRE,30,20,0.014,0.009,0.008,0.99,28,16,19.52,2.58,223.59,0.06,NA
NOVIEMBRE,30,21,0.013,0.009,0.008,NA,30,18,18.62,2.73,236.54,0.06,NA
NOVIEMBRE,30,22,0.009,0.010,0.008,NA,39,14,17.77,0.86,221.78,0.06,NA
NOVIEMBRE,30,23,0.008,0.010,0.008,0.95,37,16,17.68,0.64,144.45,0.05,NA
