DATOS MÓVILES  DE ACUERDO AL ÍNDICE AIRE Y SALUD_T-21 2023,,,,,,
NOTA,LOS DATOS SON PREVALIDADOS ,,,,,
,,,,,,
MES,DIA,HORA,O3 Horario [ppm],O3 Promedio de 8 hrs. [ppm],SO2 promedio de 24 hrs. [ppm],PM10 Promedio ponderado  de 12 hrs. [µg/m³]
NOVIEMBRE,1,0,NA,NA,0.006,24
NOVIEMBRE,1,1,NA,NA,0.006,24
NOVIEMBRE,1,2,NA,NA,0.006,17
NOVIEMBRE,1,3,NA,NA,0.006,14
NOVIEMBRE,1,4,NA,NA,0.006,15
NOVIEMBRE,1,5,NA,NA,0.006,17
NOVIEMBRE,1,6,NA,NA,0.006,15
NOVIEMBRE,1,7,NA,NA,0.006,16
NOVIEMBRE,1,8,NA,NA,0.006,19
NOVIEMBRE,1,9,NA,NA,0.006,27
NOVIEMBRE,1,10,NA,NA,0.006,32
NOVIEMBRE,1,11,NA,NA,0.006,35
NOVIEMBRE,1,12,NA,NA,0.006,36
NOVIEMBRE,1,13,NA,NA,0.006,30
NOVIEMBRE,1,14,NA,NA,0.006,27
NOVIEMBRE,1,15,NA,NA,0.006,25
NOVIEMBRE,1,16,NA,NA,0.006,23
NOVIEMBRE,1,17,NA,NA,0.006,22
NOVIEMBRE,1,18,NA,NA,0.006,21
NOVIEMBRE,1,19,NA,NA,0.006,25
NOVIEMBRE,1,20,NA,NA,0.006,28
NOVIEMBRE,1,21,NA,NA,0.006,28
NOVIEMBRE,1,22,NA,NA,0.006,28
NOVIEMBRE,1,23,NA,NA,0.006,39
NOVIEMBRE,2,0,NA,NA,0.006,36
NOVIEMBRE,2,1,NA,NA,0.006,26
NOVIEMBRE,2,2,NA,NA,0.006,19
NOVIEMBRE,2,3,NA,NA,0.006,13
NOVIEMBRE,2,4,NA,NA,0.006,9
NOVIEMBRE,2,5,NA,NA,0.006,8
NOVIEMBRE,2,6,NA,NA,0.006,8
NOVIEMBRE,2,7,NA,NA,0.006,14
NOVIEMBRE,2,8,NA,NA,0.006,19
NOVIEMBRE,2,9,NA,NA,0.006,20
NOVIEMBRE,2,10,NA,NA,0.006,23
NOVIEMBRE,2,11,NA,NA,0.006,27
NOVIEMBRE,2,12,NA,NA,0.006,34
NOVIEMBRE,2,13,NA,NA,0.006,43
NOVIEMBRE,2,14,NA,NA,0.006,51
NOVIEMBRE,2,15,NA,NA,0.006,54
NOVIEMBRE,2,16,NA,NA,0.006,49
NOVIEMBRE,2,17,NA,NA,0.006,41
NOVIEMBRE,2,18,NA,NA,0.006,44
NOVIEMBRE,2,19,NA,NA,0.006,40
NOVIEMBRE,2,20,NA,NA,0.006,32
NOVIEMBRE,2,21,NA,NA,0.006,32
NOVIEMBRE,2,22,NA,NA,0.006,28
NOVIEMBRE,2,23,NA,NA,0.006,26
NOVIEMBRE,3,0,NA,NA,0.006,37
NOVIEMBRE,3,1,NA,NA,0.006,41
NOVIEMBRE,3,2,NA,NA,0.007,34
NOVIEMBRE,3,3,NA,NA,0.007,31
NOVIEMBRE,3,4,NA,NA,0.007,28
NOVIEMBRE,3,5,NA,NA,0.007,28
NOVIEMBRE,3,6,NA,NA,0.007,23
NOVIEMBRE,3,7,NA,NA,0.007,28
NOVIEMBRE,3,8,NA,NA,0.007,37
NOVIEMBRE,3,9,NA,NA,0.008,96
NOVIEMBRE,3,10,NA,NA,0.008,111
NOVIEMBRE,3,11,NA,NA,0.008,98
NOVIEMBRE,3,12,NA,NA,0.008,85
NOVIEMBRE,3,13,NA,NA,0.008,67
NOVIEMBRE,3,14,NA,NA,0.008,58
NOVIEMBRE,3,15,NA,NA,0.008,47
NOVIEMBRE,3,16,NA,NA,0.008,37
NOVIEMBRE,3,17,NA,NA,0.008,33
NOVIEMBRE,3,18,NA,NA,0.008,30
NOVIEMBRE,3,19,NA,NA,0.008,29
NOVIEMBRE,3,20,NA,NA,0.008,31
NOVIEMBRE,3,21,NA,NA,0.008,35
NOVIEMBRE,3,22,NA,NA,0.008,37
NOVIEMBRE,3,23,NA,NA,0.008,32
NOVIEMBRE,4,0,NA,NA,0.008,41
NOVIEMBRE,4,1,NA,NA,0.008,40
NOVIEMBRE,4,2,NA,NA,0.008,33
NOVIEMBRE,4,3,NA,NA,0.008,27
NOVIEMBRE,4,4,NA,NA,0.008,21
NOVIEMBRE,4,5,NA,NA,0.008,21
NOVIEMBRE,4,6,NA,NA,0.008,17
NOVIEMBRE,4,7,NA,NA,0.008,17
NOVIEMBRE,4,8,NA,NA,0.008,23
NOVIEMBRE,4,9,NA,NA,0.008,35
NOVIEMBRE,4,10,NA,NA,0.008,46
NOVIEMBRE,4,11,NA,NA,0.007,51
NOVIEMBRE,4,12,NA,NA,0.007,46
NOVIEMBRE,4,13,NA,NA,0.007,38
NOVIEMBRE,4,14,NA,NA,0.007,32
NOVIEMBRE,4,15,NA,NA,0.007,29
NOVIEMBRE,4,16,NA,NA,0.007,28
NOVIEMBRE,4,17,NA,NA,0.007,24
NOVIEMBRE,4,18,NA,NA,0.007,20
NOVIEMBRE,4,19,NA,NA,0.007,19
NOVIEMBRE,4,20,NA,NA,0.007,24
NOVIEMBRE,4,21,NA,NA,0.007,26
NOVIEMBRE,4,22,NA,NA,0.007,25
NOVIEMBRE,4,23,NA,NA,0.006,25
NOVIEMBRE,5,0,NA,NA,0.006,23
NOVIEMBRE,5,1,NA,NA,0.006,38
NOVIEMBRE,5,2,NA,NA,0.006,42
NOVIEMBRE,5,3,NA,NA,0.006,40
NOVIEMBRE,5,4,NA,NA,0.007,36
NOVIEMBRE,5,5,NA,NA,0.007,32
NOVIEMBRE,5,6,NA,NA,0.007,29
NOVIEMBRE,5,7,NA,NA,0.007,24
NOVIEMBRE,5,8,NA,NA,0.007,24
NOVIEMBRE,5,9,NA,NA,0.007,#¡VALOR!
NOVIEMBRE,5,10,NA,NA,0.007,#¡VALOR!
NOVIEMBRE,5,11,NA,NA,0.007,43
NOVIEMBRE,5,12,NA,NA,0.007,34
NOVIEMBRE,5,13,NA,NA,0.007,27
NOVIEMBRE,5,14,NA,NA,0.007,24
NOVIEMBRE,5,15,NA,NA,0.007,22
NOVIEMBRE,5,16,NA,NA,0.007,20
NOVIEMBRE,5,17,NA,NA,0.008,20
NOVIEMBRE,5,18,NA,NA,0.008,17
NOVIEMBRE,5,19,NA,NA,0.008,19
NOVIEMBRE,5,20,NA,NA,0.008,30
NOVIEMBRE,5,21,NA,NA,0.008,32
NOVIEMBRE,5,22,NA,NA,0.008,31
NOVIEMBRE,5,23,NA,NA,0.008,30
NOVIEMBRE,6,0,NA,NA,0.009,23
NOVIEMBRE,6,1,NA,NA,0.009,35
NOVIEMBRE,6,2,NA,NA,0.009,40
NOVIEMBRE,6,3,NA,NA,0.009,33
NOVIEMBRE,6,4,NA,NA,0.009,25
NOVIEMBRE,6,5,NA,NA,0.009,22
NOVIEMBRE,6,6,NA,NA,0.008,21
NOVIEMBRE,6,7,NA,NA,0.008,20
NOVIEMBRE,6,8,NA,NA,0.008,23
NOVIEMBRE,6,9,NA,NA,0.008,33
NOVIEMBRE,6,10,NA,NA,0.008,33
NOVIEMBRE,6,11,NA,NA,0.008,58
NOVIEMBRE,6,12,NA,NA,0.008,55
NOVIEMBRE,6,13,NA,NA,0.008,55
NOVIEMBRE,6,14,NA,NA,0.008,40
NOVIEMBRE,6,15,NA,NA,0.008,33
NOVIEMBRE,6,16,NA,NA,0.008,35
NOVIEMBRE,6,17,NA,NA,0.009,34
NOVIEMBRE,6,18,NA,NA,0.009,34
NOVIEMBRE,6,19,NA,NA,0.008,42
NOVIEMBRE,6,20,NA,NA,0.009,81
NOVIEMBRE,6,21,NA,NA,0.009,87
NOVIEMBRE,6,22,NA,NA,0.009,74
NOVIEMBRE,6,23,NA,NA,0.009,62
NOVIEMBRE,7,0,NA,NA,0.009,49
NOVIEMBRE,7,1,NA,NA,0.009,54
NOVIEMBRE,7,2,NA,NA,0.009,74
NOVIEMBRE,7,3,NA,NA,0.009,71
NOVIEMBRE,7,4,NA,NA,0.009,60
NOVIEMBRE,7,5,NA,NA,0.009,53
NOVIEMBRE,7,6,NA,NA,0.009,47
NOVIEMBRE,7,7,NA,NA,0.009,50
NOVIEMBRE,7,8,NA,NA,0.010,61
NOVIEMBRE,7,9,NA,NA,0.010,76
NOVIEMBRE,7,10,NA,NA,0.010,75
NOVIEMBRE,7,11,NA,NA,0.010,95
NOVIEMBRE,7,12,NA,NA,0.010,86
NOVIEMBRE,7,13,NA,NA,0.010,62
NOVIEMBRE,7,14,NA,NA,0.010,51
NOVIEMBRE,7,15,NA,NA,0.010,45
NOVIEMBRE,7,16,NA,NA,0.010,39
NOVIEMBRE,7,17,NA,NA,0.010,40
NOVIEMBRE,7,18,NA,NA,0.010,35
NOVIEMBRE,7,19,NA,NA,0.010,40
NOVIEMBRE,7,20,NA,NA,0.010,55
NOVIEMBRE,7,21,NA,NA,0.010,57
NOVIEMBRE,7,22,NA,NA,0.010,57
NOVIEMBRE,7,23,NA,NA,0.010,59
NOVIEMBRE,8,0,NA,NA,0.010,64
NOVIEMBRE,8,1,NA,NA,0.010,85
NOVIEMBRE,8,2,NA,NA,0.010,80
NOVIEMBRE,8,3,NA,NA,0.010,62
NOVIEMBRE,8,4,NA,NA,0.010,62
NOVIEMBRE,8,5,NA,NA,0.010,53
NOVIEMBRE,8,6,NA,NA,0.010,43
NOVIEMBRE,8,7,NA,NA,0.009,37
NOVIEMBRE,8,8,NA,NA,0.009,44
NOVIEMBRE,8,9,NA,NA,0.009,57
NOVIEMBRE,8,10,NA,NA,0.009,56
NOVIEMBRE,8,11,NA,NA,0.009,56
NOVIEMBRE,8,12,NA,NA,0.009,67
NOVIEMBRE,8,13,NA,NA,0.008,58
NOVIEMBRE,8,14,NA,NA,0.008,57
NOVIEMBRE,8,15,NA,NA,0.008,54
NOVIEMBRE,8,16,NA,NA,0.008,53
NOVIEMBRE,8,17,NA,NA,0.008,52
NOVIEMBRE,8,18,NA,NA,0.008,51
NOVIEMBRE,8,19,NA,NA,0.009,55
NOVIEMBRE,8,20,NA,NA,0.009,107
NOVIEMBRE,8,21,NA,NA,0.009,144
NOVIEMBRE,8,22,NA,NA,0.009,146
NOVIEMBRE,8,23,NA,NA,0.009,133
NOVIEMBRE,9,0,NA,NA,0.009,122
NOVIEMBRE,9,1,NA,NA,0.009,95
NOVIEMBRE,9,2,NA,NA,0.009,99
NOVIEMBRE,9,3,NA,NA,0.009,92
NOVIEMBRE,9,4,NA,NA,0.009,73
NOVIEMBRE,9,5,NA,NA,0.009,57
NOVIEMBRE,9,6,NA,NA,0.009,46
NOVIEMBRE,9,7,NA,NA,0.009,60
NOVIEMBRE,9,8,NA,NA,0.009,77
NOVIEMBRE,9,9,NA,NA,0.010,82
NOVIEMBRE,9,10,NA,NA,0.009,95
NOVIEMBRE,9,11,NA,NA,0.009,72
NOVIEMBRE,9,12,NA,NA,0.009,55
NOVIEMBRE,9,13,NA,NA,0.009,46
NOVIEMBRE,9,14,NA,NA,0.009,44
NOVIEMBRE,9,15,NA,NA,0.009,46
NOVIEMBRE,9,16,NA,NA,0.009,44
NOVIEMBRE,9,17,NA,NA,0.009,45
NOVIEMBRE,9,18,NA,NA,0.009,40
NOVIEMBRE,9,19,NA,NA,0.009,46
NOVIEMBRE,9,20,NA,NA,0.008,46
NOVIEMBRE,9,21,NA,NA,0.008,77
NOVIEMBRE,9,22,NA,NA,0.008,65
NOVIEMBRE,9,23,NA,NA,0.007,54
NOVIEMBRE,10,0,NA,NA,0.007,43
NOVIEMBRE,10,1,NA,NA,0.007,44
NOVIEMBRE,10,2,NA,NA,0.007,38
NOVIEMBRE,10,3,NA,NA,0.007,30
NOVIEMBRE,10,4,NA,NA,0.007,32
NOVIEMBRE,10,5,NA,NA,0.007,32
NOVIEMBRE,10,6,NA,NA,0.007,33
NOVIEMBRE,10,7,NA,NA,0.007,35
NOVIEMBRE,10,8,NA,NA,0.007,44
NOVIEMBRE,10,9,NA,NA,0.007,63
NOVIEMBRE,10,10,NA,NA,0.007,70
NOVIEMBRE,10,11,NA,NA,0.007,60
NOVIEMBRE,10,12,NA,NA,0.007,49
NOVIEMBRE,10,13,NA,NA,0.007,43
NOVIEMBRE,10,14,NA,NA,0.007,40
NOVIEMBRE,10,15,NA,NA,0.007,38
NOVIEMBRE,10,16,NA,NA,0.007,35
NOVIEMBRE,10,17,NA,NA,0.007,35
NOVIEMBRE,10,18,NA,NA,0.007,72
NOVIEMBRE,10,19,NA,NA,0.007,49
NOVIEMBRE,10,20,NA,NA,0.007,31
NOVIEMBRE,10,21,NA,NA,0.007,24
NOVIEMBRE,10,22,NA,NA,0.007,18
NOVIEMBRE,10,23,NA,NA,0.007,16
NOVIEMBRE,11,0,NA,NA,0.007,19
NOVIEMBRE,11,1,NA,NA,0.007,21
NOVIEMBRE,11,2,NA,NA,0.007,20
NOVIEMBRE,11,3,NA,NA,0.007,18
NOVIEMBRE,11,4,NA,NA,0.007,19
NOVIEMBRE,11,5,NA,NA,0.007,20
NOVIEMBRE,11,6,NA,NA,0.007,20
NOVIEMBRE,11,7,NA,NA,0.007,24
NOVIEMBRE,11,8,NA,NA,0.007,27
NOVIEMBRE,11,9,NA,NA,0.007,32
NOVIEMBRE,11,10,NA,NA,0.006,39
NOVIEMBRE,11,11,NA,NA,0.006,42
NOVIEMBRE,11,12,NA,NA,0.006,45
NOVIEMBRE,11,13,NA,NA,0.006,44
NOVIEMBRE,11,14,NA,NA,0.006,36
NOVIEMBRE,11,15,NA,NA,0.006,31
NOVIEMBRE,11,16,NA,NA,0.006,28
NOVIEMBRE,11,17,NA,NA,0.006,23
NOVIEMBRE,11,18,NA,NA,0.006,22
NOVIEMBRE,11,19,NA,NA,0.006,21
NOVIEMBRE,11,20,NA,NA,0.006,23
NOVIEMBRE,11,21,NA,NA,0.006,23
NOVIEMBRE,11,22,NA,NA,0.006,26
NOVIEMBRE,11,23,NA,NA,0.006,27
NOVIEMBRE,12,0,NA,NA,0.005,20
NOVIEMBRE,12,1,NA,NA,0.005,16
NOVIEMBRE,12,2,NA,NA,0.005,14
NOVIEMBRE,12,3,NA,NA,0.005,11
NOVIEMBRE,12,4,NA,NA,0.005,8
NOVIEMBRE,12,5,NA,NA,0.005,7
NOVIEMBRE,12,6,NA,NA,0.005,8
NOVIEMBRE,12,7,NA,NA,0.005,7
NOVIEMBRE,12,8,NA,NA,0.005,5
NOVIEMBRE,12,9,NA,NA,0.005,6
NOVIEMBRE,12,10,NA,NA,0.005,8
NOVIEMBRE,12,11,NA,NA,0.005,9
NOVIEMBRE,12,12,NA,NA,0.005,10
NOVIEMBRE,12,13,NA,NA,0.005,11
NOVIEMBRE,12,14,NA,NA,0.005,14
NOVIEMBRE,12,15,NA,NA,0.005,27
NOVIEMBRE,12,16,NA,NA,0.005,27
NOVIEMBRE,12,17,NA,NA,0.005,#¡VALOR!
NOVIEMBRE,12,18,NA,NA,0.005,#¡VALOR!
NOVIEMBRE,12,19,NA,NA,0.005,#¡VALOR!
NOVIEMBRE,12,20,NA,NA,0.006,20
NOVIEMBRE,12,21,NA,NA,0.006,28
NOVIEMBRE,12,22,NA,NA,0.006,30
NOVIEMBRE,12,23,NA,NA,0.006,25
NOVIEMBRE,13,0,NA,NA,0.006,19
NOVIEMBRE,13,1,NA,NA,0.006,19
NOVIEMBRE,13,2,NA,NA,0.007,14
NOVIEMBRE,13,3,NA,NA,0.007,11
NOVIEMBRE,13,4,NA,NA,0.007,10
NOVIEMBRE,13,5,NA,NA,0.007,9
NOVIEMBRE,13,6,NA,NA,0.007,9
NOVIEMBRE,13,7,NA,NA,0.007,10
NOVIEMBRE,13,8,NA,NA,0.007,14
NOVIEMBRE,13,9,NA,NA,0.007,21
NOVIEMBRE,13,10,NA,NA,0.007,20
NOVIEMBRE,13,11,NA,NA,0.008,20
NOVIEMBRE,13,12,NA,NA,0.008,24
NOVIEMBRE,13,13,NA,NA,0.008,26
NOVIEMBRE,13,14,NA,NA,0.008,27
NOVIEMBRE,13,15,NA,NA,0.008,32
NOVIEMBRE,13,16,NA,NA,0.008,31
NOVIEMBRE,13,17,NA,NA,0.008,31
NOVIEMBRE,13,18,NA,NA,0.008,37
NOVIEMBRE,13,19,NA,NA,0.008,36
NOVIEMBRE,13,20,NA,NA,0.008,34
NOVIEMBRE,13,21,NA,NA,0.008,31
NOVIEMBRE,13,22,NA,NA,0.008,27
NOVIEMBRE,13,23,NA,NA,0.008,21
NOVIEMBRE,14,0,NA,NA,0.008,17
NOVIEMBRE,14,1,NA,NA,0.007,23
NOVIEMBRE,14,2,NA,NA,0.007,23
NOVIEMBRE,14,3,NA,NA,0.007,20
NOVIEMBRE,14,4,NA,NA,0.007,19
NOVIEMBRE,14,5,NA,NA,0.007,17
NOVIEMBRE,14,6,NA,NA,0.007,15
NOVIEMBRE,14,7,NA,NA,0.007,12
NOVIEMBRE,14,8,NA,NA,0.007,26
NOVIEMBRE,14,9,NA,NA,0.007,30
NOVIEMBRE,14,10,NA,NA,0.007,32
NOVIEMBRE,14,11,NA,NA,0.007,34
NOVIEMBRE,14,12,NA,NA,0.007,34
NOVIEMBRE,14,13,NA,NA,0.007,34
NOVIEMBRE,14,14,NA,NA,0.007,33
NOVIEMBRE,14,15,NA,NA,0.007,30
NOVIEMBRE,14,16,NA,NA,0.007,31
NOVIEMBRE,14,17,NA,NA,0.007,31
NOVIEMBRE,14,18,NA,NA,0.007,28
NOVIEMBRE,14,19,NA,NA,0.007,25
NOVIEMBRE,14,20,NA,NA,0.007,23
NOVIEMBRE,14,21,NA,NA,0.007,28
NOVIEMBRE,14,22,NA,NA,0.007,26
NOVIEMBRE,14,23,NA,NA,0.007,21
NOVIEMBRE,15,0,NA,NA,0.007,26
NOVIEMBRE,15,1,NA,NA,0.007,22
NOVIEMBRE,15,2,NA,NA,0.007,16
NOVIEMBRE,15,3,NA,NA,0.007,13
NOVIEMBRE,15,4,NA,NA,0.007,13
NOVIEMBRE,15,5,NA,NA,0.007,13
NOVIEMBRE,15,6,NA,NA,0.007,12
NOVIEMBRE,15,7,NA,NA,0.007,9
NOVIEMBRE,15,8,NA,NA,0.007,19
NOVIEMBRE,15,9,NA,NA,0.007,37
NOVIEMBRE,15,10,NA,NA,0.007,48
NOVIEMBRE,15,11,NA,NA,0.007,53
NOVIEMBRE,15,12,NA,NA,0.007,48
NOVIEMBRE,15,13,NA,NA,0.007,43
NOVIEMBRE,15,14,NA,NA,0.007,33
NOVIEMBRE,15,15,NA,NA,0.007,33
NOVIEMBRE,15,16,NA,NA,0.007,34
NOVIEMBRE,15,17,NA,NA,0.007,29
NOVIEMBRE,15,18,NA,NA,0.007,23
NOVIEMBRE,15,19,NA,NA,0.007,24
NOVIEMBRE,15,20,NA,NA,0.007,22
NOVIEMBRE,15,21,NA,NA,0.007,23
NOVIEMBRE,15,22,NA,NA,0.007,24
NOVIEMBRE,15,23,NA,NA,0.007,24
NOVIEMBRE,16,0,NA,NA,0.007,24
NOVIEMBRE,16,1,NA,NA,0.007,20
NOVIEMBRE,16,2,NA,NA,0.007,21
NOVIEMBRE,16,3,NA,NA,0.007,24
NOVIEMBRE,16,4,NA,NA,0.007,22
NOVIEMBRE,16,5,NA,NA,0.007,20
NOVIEMBRE,16,6,NA,NA,0.007,19
NOVIEMBRE,16,7,NA,NA,0.007,17
NOVIEMBRE,16,8,NA,NA,0.007,24
NOVIEMBRE,16,9,NA,NA,0.007,35
NOVIEMBRE,16,10,NA,NA,0.007,38
NOVIEMBRE,16,11,NA,NA,0.007,43
NOVIEMBRE,16,12,NA,NA,0.007,48
NOVIEMBRE,16,13,NA,NA,0.007,39
NOVIEMBRE,16,14,NA,NA,0.007,32
NOVIEMBRE,16,15,NA,NA,0.007,29
NOVIEMBRE,16,16,NA,NA,0.006,22
NOVIEMBRE,16,17,NA,NA,0.006,23
NOVIEMBRE,16,18,NA,NA,0.006,24
NOVIEMBRE,16,19,NA,NA,0.006,23
NOVIEMBRE,16,20,NA,NA,0.007,34
NOVIEMBRE,16,21,NA,NA,0.007,43
NOVIEMBRE,16,22,NA,NA,0.007,47
NOVIEMBRE,16,23,NA,NA,0.007,43
NOVIEMBRE,17,0,NA,NA,0.007,34
NOVIEMBRE,17,1,NA,NA,0.007,25
NOVIEMBRE,17,2,NA,NA,0.007,35
NOVIEMBRE,17,3,NA,NA,0.007,38
NOVIEMBRE,17,4,NA,NA,0.007,35
NOVIEMBRE,17,5,NA,NA,0.007,34
NOVIEMBRE,17,6,NA,NA,0.007,32
NOVIEMBRE,17,7,NA,NA,0.007,24
NOVIEMBRE,17,8,NA,NA,0.007,28
NOVIEMBRE,17,9,NA,NA,0.007,71
NOVIEMBRE,17,10,NA,NA,0.007,95
NOVIEMBRE,17,11,NA,NA,0.008,81
NOVIEMBRE,17,12,NA,NA,0.009,64
NOVIEMBRE,17,13,NA,NA,0.009,52
NOVIEMBRE,17,14,NA,NA,0.009,42
NOVIEMBRE,17,15,NA,NA,0.009,34
NOVIEMBRE,17,16,NA,NA,0.009,25
NOVIEMBRE,17,17,NA,NA,0.009,23
NOVIEMBRE,17,18,NA,NA,0.009,26
NOVIEMBRE,17,19,NA,NA,0.009,28
NOVIEMBRE,17,20,NA,NA,0.009,34
NOVIEMBRE,17,21,NA,NA,0.009,35
NOVIEMBRE,17,22,NA,NA,0.009,38
NOVIEMBRE,17,23,NA,NA,0.009,35
NOVIEMBRE,18,0,NA,NA,0.009,48
NOVIEMBRE,18,1,NA,NA,0.009,57
NOVIEMBRE,18,2,NA,NA,0.009,75
NOVIEMBRE,18,3,NA,NA,0.009,62
NOVIEMBRE,18,4,NA,NA,0.009,51
NOVIEMBRE,18,5,NA,NA,0.009,44
NOVIEMBRE,18,6,NA,NA,0.009,41
NOVIEMBRE,18,7,NA,NA,0.009,35
NOVIEMBRE,18,8,NA,NA,0.010,40
NOVIEMBRE,18,9,NA,NA,0.010,101
NOVIEMBRE,18,10,NA,NA,0.010,128
NOVIEMBRE,18,11,NA,NA,0.009,110
NOVIEMBRE,18,12,NA,NA,0.009,79
NOVIEMBRE,18,13,NA,NA,0.009,62
NOVIEMBRE,18,14,NA,NA,0.008,47
NOVIEMBRE,18,15,NA,NA,0.008,39
NOVIEMBRE,18,16,NA,NA,0.008,37
NOVIEMBRE,18,17,NA,NA,0.008,33
NOVIEMBRE,18,18,NA,NA,0.008,32
NOVIEMBRE,18,19,NA,NA,0.009,42
NOVIEMBRE,18,20,NA,NA,0.009,52
NOVIEMBRE,18,21,NA,NA,0.009,49
NOVIEMBRE,18,22,NA,NA,0.009,36
NOVIEMBRE,18,23,NA,NA,0.009,36
NOVIEMBRE,19,0,NA,NA,0.009,60
NOVIEMBRE,19,1,NA,NA,0.009,59
NOVIEMBRE,19,2,NA,NA,0.009,56
NOVIEMBRE,19,3,NA,NA,0.009,49
NOVIEMBRE,19,4,NA,NA,0.009,39
NOVIEMBRE,19,5,NA,NA,0.009,37
NOVIEMBRE,19,6,NA,NA,0.009,29
NOVIEMBRE,19,7,NA,NA,0.009,23
NOVIEMBRE,19,8,NA,NA,0.008,29
NOVIEMBRE,19,9,NA,NA,0.008,43
NOVIEMBRE,19,10,NA,NA,0.008,58
NOVIEMBRE,19,11,NA,NA,0.009,55
NOVIEMBRE,19,12,NA,NA,0.009,46
NOVIEMBRE,19,13,NA,NA,0.010,43
NOVIEMBRE,19,14,NA,NA,0.010,42
NOVIEMBRE,19,15,NA,NA,0.010,38
NOVIEMBRE,19,16,NA,NA,0.010,34
NOVIEMBRE,19,17,NA,NA,0.010,30
NOVIEMBRE,19,18,NA,NA,0.010,28
NOVIEMBRE,19,19,NA,NA,0.010,25
NOVIEMBRE,19,20,NA,NA,0.010,28
NOVIEMBRE,19,21,NA,NA,0.010,30
NOVIEMBRE,19,22,NA,NA,0.010,33
NOVIEMBRE,19,23,NA,NA,0.010,35
NOVIEMBRE,20,0,NA,NA,0.010,31
NOVIEMBRE,20,1,NA,NA,0.010,34
NOVIEMBRE,20,2,NA,NA,0.010,35
NOVIEMBRE,20,3,NA,NA,0.010,34
NOVIEMBRE,20,4,NA,NA,0.010,37
NOVIEMBRE,20,5,NA,NA,0.010,38
NOVIEMBRE,20,6,NA,NA,0.010,36
NOVIEMBRE,20,7,NA,NA,0.010,28
NOVIEMBRE,20,8,NA,NA,0.009,23
NOVIEMBRE,20,9,NA,NA,0.009,27
NOVIEMBRE,20,10,NA,NA,0.009,31
NOVIEMBRE,20,11,NA,NA,0.008,31
NOVIEMBRE,20,12,NA,NA,0.007,36
NOVIEMBRE,20,13,NA,NA,0.007,41
NOVIEMBRE,20,14,NA,NA,0.007,35
NOVIEMBRE,20,15,NA,NA,0.007,29
NOVIEMBRE,20,16,NA,NA,0.006,28
NOVIEMBRE,20,17,NA,NA,0.006,24
NOVIEMBRE,20,18,NA,NA,0.006,22
NOVIEMBRE,20,19,NA,NA,0.006,24
NOVIEMBRE,20,20,NA,NA,0.006,27
NOVIEMBRE,20,21,NA,NA,0.006,27
NOVIEMBRE,20,22,NA,NA,0.006,27
NOVIEMBRE,20,23,NA,NA,0.006,33
NOVIEMBRE,21,0,NA,NA,0.006,27
NOVIEMBRE,21,1,NA,NA,0.006,20
NOVIEMBRE,21,2,NA,NA,0.006,16
NOVIEMBRE,21,3,NA,NA,0.006,17
NOVIEMBRE,21,4,NA,NA,0.006,20
NOVIEMBRE,21,5,NA,NA,0.006,17
NOVIEMBRE,21,6,NA,NA,0.006,19
NOVIEMBRE,21,7,NA,NA,0.006,34
NOVIEMBRE,21,8,NA,NA,0.006,42
NOVIEMBRE,21,9,NA,NA,0.006,44
NOVIEMBRE,21,10,NA,NA,0.007,46
NOVIEMBRE,21,11,NA,NA,0.007,41
NOVIEMBRE,21,12,NA,NA,0.007,39
NOVIEMBRE,21,13,NA,NA,0.007,41
NOVIEMBRE,21,14,NA,NA,0.007,34
NOVIEMBRE,21,15,NA,NA,0.007,31
NOVIEMBRE,21,16,NA,NA,0.007,29
NOVIEMBRE,21,17,NA,NA,0.007,32
NOVIEMBRE,21,18,NA,NA,0.007,36
NOVIEMBRE,21,19,NA,NA,0.007,49
NOVIEMBRE,21,20,NA,NA,0.007,61
NOVIEMBRE,21,21,NA,NA,0.007,65
NOVIEMBRE,21,22,NA,NA,0.007,53
NOVIEMBRE,21,23,NA,NA,0.007,43
NOVIEMBRE,22,0,NA,NA,0.007,38
NOVIEMBRE,22,1,NA,NA,0.007,33
NOVIEMBRE,22,2,NA,NA,0.007,26
NOVIEMBRE,22,3,NA,NA,0.007,18
NOVIEMBRE,22,4,NA,NA,0.007,15
NOVIEMBRE,22,5,NA,NA,0.007,15
NOVIEMBRE,22,6,NA,NA,0.007,14
NOVIEMBRE,22,7,NA,NA,0.007,14
NOVIEMBRE,22,8,NA,NA,0.007,18
NOVIEMBRE,22,9,NA,NA,0.007,21
NOVIEMBRE,22,10,NA,NA,0.007,28
NOVIEMBRE,22,11,NA,NA,0.007,32
NOVIEMBRE,22,12,NA,NA,0.007,34
NOVIEMBRE,22,13,NA,NA,0.007,36
NOVIEMBRE,22,14,NA,NA,0.007,34
NOVIEMBRE,22,15,NA,NA,0.007,32
NOVIEMBRE,22,16,NA,NA,0.007,29
NOVIEMBRE,22,17,NA,NA,0.007,32
NOVIEMBRE,22,18,NA,NA,0.006,35
NOVIEMBRE,22,19,NA,NA,0.006,35
NOVIEMBRE,22,20,NA,NA,0.006,33
NOVIEMBRE,22,21,NA,NA,0.006,31
NOVIEMBRE,22,22,NA,NA,0.006,29
NOVIEMBRE,22,23,NA,NA,0.006,29
NOVIEMBRE,23,0,NA,NA,0.006,29
NOVIEMBRE,23,1,NA,NA,0.006,25
NOVIEMBRE,23,2,NA,NA,0.006,26
NOVIEMBRE,23,3,NA,NA,0.006,27
NOVIEMBRE,23,4,NA,NA,0.006,28
NOVIEMBRE,23,5,NA,NA,0.007,31
NOVIEMBRE,23,6,NA,NA,0.007,28
NOVIEMBRE,23,7,NA,NA,0.007,26
NOVIEMBRE,23,8,NA,NA,0.007,39
NOVIEMBRE,23,9,NA,NA,0.007,71
NOVIEMBRE,23,10,NA,NA,0.007,82
NOVIEMBRE,23,11,NA,NA,0.007,63
NOVIEMBRE,23,12,NA,NA,0.007,45
NOVIEMBRE,23,13,NA,NA,0.007,33
NOVIEMBRE,23,14,NA,NA,0.007,32
NOVIEMBRE,23,15,NA,NA,0.007,33
NOVIEMBRE,23,16,NA,NA,0.007,37
NOVIEMBRE,23,17,NA,NA,0.007,31
NOVIEMBRE,23,18,NA,NA,0.007,31
NOVIEMBRE,23,19,NA,NA,0.007,33
NOVIEMBRE,23,20,NA,NA,0.007,44
NOVIEMBRE,23,21,NA,NA,0.007,51
NOVIEMBRE,23,22,NA,NA,0.007,52
NOVIEMBRE,23,23,NA,NA,0.007,43
NOVIEMBRE,24,0,NA,NA,0.007,43
NOVIEMBRE,24,1,NA,NA,0.007,22
NOVIEMBRE,24,2,NA,NA,0.007,15
NOVIEMBRE,24,3,NA,NA,0.007,13
NOVIEMBRE,24,4,NA,NA,0.007,14
NOVIEMBRE,24,5,NA,NA,0.007,11
NOVIEMBRE,24,6,NA,NA,0.007,12
NOVIEMBRE,24,7,NA,NA,0.007,14
NOVIEMBRE,24,8,NA,NA,0.007,21
NOVIEMBRE,24,9,NA,NA,0.007,24
NOVIEMBRE,24,10,NA,NA,0.006,24
NOVIEMBRE,24,11,NA,NA,0.006,#¡VALOR!
NOVIEMBRE,24,12,NA,NA,0.006,#¡VALOR!
NOVIEMBRE,24,13,NA,NA,0.006,#¡VALOR!
NOVIEMBRE,24,14,NA,NA,0.006,19
NOVIEMBRE,24,15,NA,NA,0.007,20
NOVIEMBRE,24,16,NA,NA,0.007,24
NOVIEMBRE,24,17,NA,NA,0.007,22
NOVIEMBRE,24,18,NA,NA,0.007,20
NOVIEMBRE,24,19,NA,NA,0.007,21
NOVIEMBRE,24,20,NA,NA,0.007,45
NOVIEMBRE,24,21,NA,NA,0.008,75
NOVIEMBRE,24,22,NA,NA,0.008,70
NOVIEMBRE,24,23,NA,NA,0.008,65
NOVIEMBRE,25,0,NA,NA,0.008,56
NOVIEMBRE,25,1,NA,NA,0.008,44
NOVIEMBRE,25,2,NA,NA,0.008,31
NOVIEMBRE,25,3,NA,NA,0.008,57
NOVIEMBRE,25,4,NA,NA,0.008,65
NOVIEMBRE,25,5,NA,NA,0.008,44
NOVIEMBRE,25,6,NA,NA,0.008,42
NOVIEMBRE,25,7,NA,NA,0.008,39
NOVIEMBRE,25,8,NA,NA,0.008,57
NOVIEMBRE,25,9,NA,NA,0.008,67
NOVIEMBRE,25,10,NA,NA,0.009,59
NOVIEMBRE,25,11,NA,NA,0.009,66
NOVIEMBRE,25,12,NA,NA,0.010,73
NOVIEMBRE,25,13,NA,NA,0.010,60
NOVIEMBRE,25,14,NA,NA,0.010,46
NOVIEMBRE,25,15,NA,NA,0.009,38
NOVIEMBRE,25,16,NA,NA,0.009,34
NOVIEMBRE,25,17,NA,NA,0.009,29
NOVIEMBRE,25,18,NA,NA,0.009,24
NOVIEMBRE,25,19,NA,NA,0.009,22
NOVIEMBRE,25,20,NA,NA,0.009,45
NOVIEMBRE,25,21,NA,NA,0.009,73
NOVIEMBRE,25,22,NA,NA,0.009,66
NOVIEMBRE,25,23,NA,NA,0.009,63
NOVIEMBRE,26,0,NA,NA,0.009,56
NOVIEMBRE,26,1,NA,NA,0.009,51
NOVIEMBRE,26,2,NA,NA,0.009,48
NOVIEMBRE,26,3,NA,NA,0.009,37
NOVIEMBRE,26,4,NA,NA,0.009,35
NOVIEMBRE,26,5,NA,NA,0.008,29
NOVIEMBRE,26,6,NA,NA,0.008,21
NOVIEMBRE,26,7,NA,NA,0.008,18
NOVIEMBRE,26,8,NA,NA,0.008,17
NOVIEMBRE,26,9,NA,NA,0.008,27
NOVIEMBRE,26,10,NA,NA,0.008,50
NOVIEMBRE,26,11,NA,NA,0.007,56
NOVIEMBRE,26,12,NA,NA,0.007,42
NOVIEMBRE,26,13,NA,NA,0.007,29
NOVIEMBRE,26,14,NA,NA,0.007,21
NOVIEMBRE,26,15,NA,NA,0.007,17
NOVIEMBRE,26,16,NA,NA,0.007,18
NOVIEMBRE,26,17,NA,NA,0.007,16
NOVIEMBRE,26,18,NA,NA,0.007,13
NOVIEMBRE,26,19,NA,NA,0.007,15
NOVIEMBRE,26,20,NA,NA,0.006,29
NOVIEMBRE,26,21,NA,NA,0.006,52
NOVIEMBRE,26,22,NA,NA,0.006,66
NOVIEMBRE,26,23,NA,NA,0.006,59
NOVIEMBRE,27,0,NA,NA,0.006,46
NOVIEMBRE,27,1,NA,NA,0.006,46
NOVIEMBRE,27,2,NA,NA,0.006,38
NOVIEMBRE,27,3,NA,NA,0.006,37
NOVIEMBRE,27,4,NA,NA,0.007,46
NOVIEMBRE,27,5,NA,NA,0.007,47
NOVIEMBRE,27,6,NA,NA,0.007,43
NOVIEMBRE,27,7,NA,NA,0.007,39
NOVIEMBRE,27,8,NA,NA,0.007,44
NOVIEMBRE,27,9,NA,NA,0.007,62
NOVIEMBRE,27,10,NA,NA,0.007,93
NOVIEMBRE,27,11,NA,NA,0.008,94
NOVIEMBRE,27,12,NA,NA,0.008,86
NOVIEMBRE,27,13,NA,NA,0.008,69
NOVIEMBRE,27,14,NA,NA,0.008,48
NOVIEMBRE,27,15,NA,NA,0.008,39
NOVIEMBRE,27,16,NA,NA,0.008,35
NOVIEMBRE,27,17,NA,NA,0.008,34
NOVIEMBRE,27,18,NA,NA,0.008,44
NOVIEMBRE,27,19,NA,NA,0.009,66
NOVIEMBRE,27,20,NA,NA,0.009,69
NOVIEMBRE,27,21,NA,NA,0.009,57
NOVIEMBRE,27,22,NA,NA,0.009,71
NOVIEMBRE,27,23,NA,NA,0.009,70
NOVIEMBRE,28,0,NA,NA,0.009,61
NOVIEMBRE,28,1,NA,NA,0.009,68
NOVIEMBRE,28,2,NA,NA,0.009,59
NOVIEMBRE,28,3,NA,NA,0.009,53
NOVIEMBRE,28,4,NA,NA,0.009,48
NOVIEMBRE,28,5,NA,NA,0.009,43
NOVIEMBRE,28,6,NA,NA,0.009,43
NOVIEMBRE,28,7,NA,NA,0.009,39
NOVIEMBRE,28,8,NA,NA,0.009,35
NOVIEMBRE,28,9,NA,NA,0.009,39
NOVIEMBRE,28,10,NA,NA,0.008,45
NOVIEMBRE,28,11,0.015,NA,0.008,54
NOVIEMBRE,28,12,0.020,NA,0.008,48
NOVIEMBRE,28,13,0.025,NA,0.008,41
NOVIEMBRE,28,14,0.028,NA,0.008,36
NOVIEMBRE,28,15,0.029,NA,0.008,33
NOVIEMBRE,28,16,0.027,0.024,0.008,34
NOVIEMBRE,28,17,0.024,0.024,0.008,30
NOVIEMBRE,28,18,0.018,0.023,0.008,25
NOVIEMBRE,28,19,0.005,0.022,0.008,36
NOVIEMBRE,28,20,0.003,0.020,0.008,79
NOVIEMBRE,28,21,0.006,0.017,0.008,84
NOVIEMBRE,28,22,0.009,0.015,0.008,65
NOVIEMBRE,28,23,0.010,0.013,0.008,47
NOVIEMBRE,29,0,0.008,0.010,0.008,35
NOVIEMBRE,29,1,0.012,0.009,0.008,35
NOVIEMBRE,29,2,0.006,0.007,0.008,30
NOVIEMBRE,29,3,0.005,0.007,0.008,24
NOVIEMBRE,29,4,0.006,0.008,0.008,25
NOVIEMBRE,29,5,0.006,0.008,0.008,21
NOVIEMBRE,29,6,0.004,0.007,0.008,20
NOVIEMBRE,29,7,0.004,0.006,0.008,20
NOVIEMBRE,29,8,0.003,0.006,0.008,22
NOVIEMBRE,29,9,0.006,0.005,0.007,33
NOVIEMBRE,29,10,0.006,0.005,0.007,32
NOVIEMBRE,29,11,0.011,0.006,0.008,48
NOVIEMBRE,29,12,0.017,0.007,0.008,43
NOVIEMBRE,29,13,0.022,0.009,0.008,36
NOVIEMBRE,29,14,0.023,0.011,0.008,33
NOVIEMBRE,29,15,0.024,0.014,0.008,30
NOVIEMBRE,29,16,0.023,0.016,0.008,30
NOVIEMBRE,29,17,0.022,0.018,0.008,36
NOVIEMBRE,29,18,0.020,0.020,0.008,38
NOVIEMBRE,29,19,0.016,0.021,0.008,47
NOVIEMBRE,29,20,0.012,0.020,0.007,43
NOVIEMBRE,29,21,0.010,0.019,0.007,37
NOVIEMBRE,29,22,0.012,0.017,0.007,36
NOVIEMBRE,29,23,0.009,0.015,0.007,36
NOVIEMBRE,30,0,0.012,0.014,0.007,33
NOVIEMBRE,30,1,0.012,0.013,0.007,26
NOVIEMBRE,30,2,0.010,0.012,0.007,21
NOVIEMBRE,30,3,0.014,0.011,0.007,17
NOVIEMBRE,30,4,0.012,0.011,0.007,14
NOVIEMBRE,30,5,0.010,0.011,0.007,12
NOVIEMBRE,30,6,0.007,0.011,0.007,12
NOVIEMBRE,30,7,0.005,0.010,0.007,12
NOVIEMBRE,30,8,0.003,0.009,0.007,12
NOVIEMBRE,30,9,0.004,0.008,0.007,12
NOVIEMBRE,30,10,0.010,0.008,0.007,14
NOVIEMBRE,30,11,0.014,0.008,0.007,16
NOVIEMBRE,30,12,0.017,0.009,0.007,22
NOVIEMBRE,30,13,0.019,0.010,0.007,24
NOVIEMBRE,30,14,0.019,0.011,0.007,24
NOVIEMBRE,30,15,0.017,0.013,0.007,25
NOVIEMBRE,30,16,0.018,0.015,0.007,19
NOVIEMBRE,30,17,0.017,0.016,0.007,19
NOVIEMBRE,30,18,0.015,0.017,0.007,24
NOVIEMBRE,30,19,0.010,0.016,0.007,28
NOVIEMBRE,30,20,0.008,0.015,0.006,32
NOVIEMBRE,30,21,0.006,0.014,0.006,35
NOVIEMBRE,30,22,0.007,0.012,0.006,34
NOVIEMBRE,30,23,0.008,0.011,0.006,31
